career_skill_id,career_id,skill_id,importance,in_demand,hot_technology,description
CS_0001,CAR_003,SK_00360,Critical,Yes,Yes,"General-purpose programming language widely used for AI, machine learning, and backend development."
CS_0002,CAR_003,SK_00264,Critical,Yes,Yes,Methods for building systems that learn patterns from data and make predictions.
CS_0003,CAR_003,SK_00132,Critical,Yes,Yes,Machine learning approach based on multi-layer neural networks for complex data tasks.
CS_0004,CAR_003,SK_00361,High,Yes,Yes,Deep learning framework widely used for developing and training neural network models.
CS_0005,CAR_003,SK_00457,High,Yes,Yes,Open-source machine learning framework for training and deploying deep neural networks.
CS_0006,CAR_003,SK_00435,Medium,Yes,No,"Query language used to store, retrieve, and analyze structured data in databases."
CS_0007,CAR_003,SK_00145,High,Yes,No,Containerization technology used to package applications and dependencies for consistent deployment.
CS_0008,CAR_003,SK_00189,High,Yes,No,Version control system used for tracking code changes and collaborating on software.
CS_0009,CAR_003,SK_00046,High,Yes,No,Amazon Web Services cloud computing platform for deploying scalable applications.
CS_0010,CAR_003,SK_00188,Medium,Yes,Yes,"AI systems capable of generating text, images, or other media in response to prompts."
CS_0011,CAR_003,SK_00255,Medium,Yes,Yes,Advanced AI models trained on massive text datasets to understand and generate human language.
CS_0012,CAR_003,SK_00382,Medium,Yes,No,Architectural style for designing networked applications and integrating software services.
CS_0013,CAR_076,SK_00360,Critical,Yes,Yes,"General-purpose programming language widely used for AI, machine learning, and backend development."
CS_0014,CAR_076,SK_00264,Critical,Yes,Yes,Methods for building systems that learn patterns from data and make predictions.
CS_0015,CAR_076,SK_00132,High,Yes,Yes,Machine learning approach based on multi-layer neural networks for complex data tasks.
CS_0016,CAR_076,SK_00331,High,Yes,No,Data manipulation and analysis library for Python providing high-performance data structures.
CS_0017,CAR_076,SK_00024,Medium,Yes,No,Unified analytics engine for large-scale data processing and distributed computing.
CS_0018,CAR_076,SK_00435,High,Yes,No,"Query language used to store, retrieve, and analyze structured data in databases."
CS_0019,CAR_076,SK_00145,High,Yes,No,Containerization technology used to package applications and dependencies for consistent deployment.
CS_0020,CAR_076,SK_00252,Medium,Yes,No,"Container orchestration platform for automating application deployment, scaling, and management."
CS_0021,CAR_076,SK_00078,High,Yes,No,Continuous integration and continuous deployment practices for automated software delivery.
CS_0022,CAR_076,SK_00189,High,Yes,No,Version control system used for tracking code changes and collaborating on software.
CS_0023,CAR_076,SK_00046,High,Yes,No,Amazon Web Services cloud computing platform for deploying scalable applications.
CS_0024,CAR_076,SK_00282,Critical,Yes,Yes,"Practices for deploying, monitoring, and maintaining machine learning models in production."
CS_0025,CAR_040,SK_00360,Critical,Yes,Yes,"General-purpose programming language widely used for AI, machine learning, and backend development."
CS_0026,CAR_040,SK_00435,Critical,Yes,No,"Query language used to store, retrieve, and analyze structured data in databases."
CS_0027,CAR_040,SK_00331,Critical,Yes,No,Data manipulation and analysis library for Python providing high-performance data structures.
CS_0028,CAR_040,SK_00316,High,Yes,No,Fundamental package for scientific computing with Python supporting large arrays and matrices.
CS_0029,CAR_040,SK_00264,High,Yes,Yes,Methods for building systems that learn patterns from data and make predictions.
CS_0030,CAR_040,SK_00443,Critical,Yes,No,"Mathematical science pertaining to the collection, analysis, interpretation, and presentation of data."
CS_0031,CAR_040,SK_00121,High,Yes,No,Graphical representation of information and data to highlight patterns and trends.
CS_0032,CAR_040,SK_00398,High,Yes,No,"Machine learning library for Python featuring classification, regression, and clustering algorithms."
CS_0033,CAR_040,SK_00189,Medium,Yes,No,Version control system used for tracking code changes and collaborating on software.
CS_0034,CAR_040,SK_00024,Medium,Yes,No,Unified analytics engine for large-scale data processing and distributed computing.
CS_0035,CAR_040,SK_00363,Medium,No,No,Programming language and free software environment for statistical computing and graphics.
CS_0036,CAR_040,SK_00052,Medium,Yes,No,Microsoft's public cloud computing platform providing a broad range of cloud services.
CS_0037,CAR_036,SK_00435,Critical,Yes,No,"Query language used to store, retrieve, and analyze structured data in databases."
CS_0038,CAR_036,SK_00360,Critical,Yes,Yes,"General-purpose programming language widely used for AI, machine learning, and backend development."
CS_0039,CAR_036,SK_00167,Critical,Yes,No,"Extract, Transform, Load processes for migrating and preparing data for analysis."
CS_0040,CAR_036,SK_00122,Critical,Yes,No,Central repositories of integrated data from one or more disparate sources.
CS_0041,CAR_036,SK_00024,High,Yes,No,Unified analytics engine for large-scale data processing and distributed computing.
CS_0042,CAR_036,SK_00343,High,Yes,No,"Advanced, enterprise-class open-source relational database system."
CS_0043,CAR_036,SK_00046,High,Yes,No,Amazon Web Services cloud computing platform for deploying scalable applications.
CS_0044,CAR_036,SK_00117,High,Yes,No,Process of creating a conceptual representation of data structures and their relationships.
CS_0045,CAR_036,SK_00145,Medium,Yes,No,Containerization technology used to package applications and dependencies for consistent deployment.
CS_0046,CAR_036,SK_00078,Medium,Yes,No,Continuous integration and continuous deployment practices for automated software delivery.
CS_0047,CAR_036,SK_00189,High,Yes,No,Version control system used for tracking code changes and collaborating on software.
CS_0048,CAR_036,SK_00421,High,Yes,Yes,Cloud-based data warehousing platform designed for massive scale and performance.
CS_0049,CAR_106,SK_00360,High,Yes,Yes,"General-purpose programming language widely used for AI, machine learning, and backend development."
CS_0050,CAR_106,SK_00239,High,Yes,No,"High-level, class-based, object-oriented programming language widely used for enterprise applications."
CS_0051,CAR_106,SK_00240,High,Yes,No,"Core programming language of the Web, used for interactive and dynamic content."
CS_0052,CAR_106,SK_00073,Medium,No,No,General-purpose programming language known for performance and system-level control.
CS_0053,CAR_106,SK_00189,Critical,Yes,No,Version control system used for tracking code changes and collaborating on software.
CS_0054,CAR_106,SK_00435,High,Yes,No,"Query language used to store, retrieve, and analyze structured data in databases."
CS_0055,CAR_106,SK_00382,Critical,Yes,No,Architectural style for designing networked applications and integrating software services.
CS_0056,CAR_106,SK_00145,High,Yes,No,Containerization technology used to package applications and dependencies for consistent deployment.
CS_0057,CAR_106,SK_00078,High,Yes,No,Continuous integration and continuous deployment practices for automated software delivery.
CS_0058,CAR_106,SK_00257,High,Yes,No,"Open-source operating system widely used for servers, cloud infrastructure, and development."
CS_0059,CAR_106,SK_00046,High,Yes,No,Amazon Web Services cloud computing platform for deploying scalable applications.
CS_0060,CAR_106,SK_00424,Critical,Yes,No,High-level structure of a software system and the discipline of creating such structures.
CS_0061,CAR_013,SK_00314,High,Yes,No,JavaScript runtime built on Chrome's V8 engine for executing code server-side.
CS_0062,CAR_013,SK_00360,High,Yes,Yes,"General-purpose programming language widely used for AI, machine learning, and backend development."
CS_0063,CAR_013,SK_00239,High,Yes,No,"High-level, class-based, object-oriented programming language widely used for enterprise applications."
CS_0064,CAR_013,SK_00435,Critical,Yes,No,"Query language used to store, retrieve, and analyze structured data in databases."
CS_0065,CAR_013,SK_00343,High,Yes,No,"Advanced, enterprise-class open-source relational database system."
CS_0066,CAR_013,SK_00292,High,Yes,No,NoSQL document database designed for scalability and flexible data schemas.
CS_0067,CAR_013,SK_00382,Critical,Yes,No,Architectural style for designing networked applications and integrating software services.
CS_0068,CAR_013,SK_00202,Medium,Yes,Yes,Query language for APIs providing a complete and understandable description of data.
CS_0069,CAR_013,SK_00145,High,Yes,No,Containerization technology used to package applications and dependencies for consistent deployment.
CS_0070,CAR_013,SK_00189,Critical,Yes,No,Version control system used for tracking code changes and collaborating on software.
CS_0071,CAR_013,SK_00374,Medium,Yes,No,"In-memory data structure store used as a database, cache, and message broker."
CS_0072,CAR_013,SK_00046,High,Yes,No,Amazon Web Services cloud computing platform for deploying scalable applications.
CS_0073,CAR_054,SK_00213,Critical,Yes,No,Fundamental technologies for structuring and styling content on the World Wide Web.
CS_0074,CAR_054,SK_00240,Critical,Yes,No,"Core programming language of the Web, used for interactive and dynamic content."
CS_0075,CAR_054,SK_00472,High,Yes,Yes,Strongly typed programming language that builds on JavaScript for larger scale applications.
CS_0076,CAR_054,SK_00369,Critical,Yes,Yes,JavaScript library for building user interfaces based on UI components.
CS_0077,CAR_054,SK_00019,Medium,No,No,Platform and framework for building single-page client applications using HTML and TypeScript.
CS_0078,CAR_054,SK_00492,Medium,Yes,No,Progressive JavaScript framework for building user interfaces and single-page applications.
CS_0079,CAR_054,SK_00382,High,Yes,No,Architectural style for designing networked applications and integrating software services.
CS_0080,CAR_054,SK_00189,Critical,Yes,No,Version control system used for tracking code changes and collaborating on software.
CS_0081,CAR_054,SK_00381,Critical,Yes,No,Approach to web design that makes web pages render well on a variety of devices.
CS_0082,CAR_054,SK_00499,High,Yes,No,Techniques to improve the speed and efficiency of web applications.
CS_0083,CAR_054,SK_00176,Medium,Yes,No,Collaborative web application for interface design and prototyping.
CS_0084,CAR_055,SK_00240,Critical,Yes,No,"Core programming language of the Web, used for interactive and dynamic content."
CS_0085,CAR_055,SK_00213,Critical,Yes,No,Fundamental technologies for structuring and styling content on the World Wide Web.
CS_0086,CAR_055,SK_00369,High,Yes,Yes,JavaScript library for building user interfaces based on UI components.
CS_0087,CAR_055,SK_00314,High,Yes,No,JavaScript runtime built on Chrome's V8 engine for executing code server-side.
CS_0088,CAR_055,SK_00360,High,Yes,Yes,"General-purpose programming language widely used for AI, machine learning, and backend development."
CS_0089,CAR_055,SK_00435,Critical,Yes,No,"Query language used to store, retrieve, and analyze structured data in databases."
CS_0090,CAR_055,SK_00382,Critical,Yes,No,Architectural style for designing networked applications and integrating software services.
CS_0091,CAR_055,SK_00189,Critical,Yes,No,Version control system used for tracking code changes and collaborating on software.
CS_0092,CAR_055,SK_00145,High,Yes,No,Containerization technology used to package applications and dependencies for consistent deployment.
CS_0093,CAR_055,SK_00046,High,Yes,No,Amazon Web Services cloud computing platform for deploying scalable applications.
CS_0094,CAR_055,SK_00472,High,Yes,Yes,Strongly typed programming language that builds on JavaScript for larger scale applications.
CS_0095,CAR_055,SK_00292,Medium,Yes,No,NoSQL document database designed for scalability and flexible data schemas.
CS_0096,CAR_081,SK_00448,High,Yes,No,"Powerful and intuitive programming language for macOS, iOS, watchOS, and tvOS."
CS_0097,CAR_081,SK_00249,High,Yes,No,Modern programming language widely used for Android app development.
CS_0098,CAR_081,SK_00370,High,Yes,Yes,Framework for building native apps using React and JavaScript.
CS_0099,CAR_081,SK_00180,High,Yes,Yes,"Google's UI toolkit for building natively compiled applications for mobile, web, and desktop."
CS_0100,CAR_081,SK_00239,Medium,No,No,"High-level, class-based, object-oriented programming language widely used for enterprise applications."
CS_0101,CAR_081,SK_00382,Critical,Yes,No,Architectural style for designing networked applications and integrating software services.
CS_0102,CAR_081,SK_00189,Critical,Yes,No,Version control system used for tracking code changes and collaborating on software.
CS_0103,CAR_081,SK_00285,High,Yes,No,Principles and practices for designing intuitive and engaging mobile interfaces.
CS_0104,CAR_081,SK_00028,High,Yes,No,Process of publishing applications to the Apple App Store and Google Play Store.
CS_0105,CAR_081,SK_00437,Medium,Yes,No,"C-language library that implements a small, fast, self-contained SQL database engine."
CS_0106,CAR_024,SK_00046,Critical,Yes,No,Amazon Web Services cloud computing platform for deploying scalable applications.
CS_0107,CAR_024,SK_00052,High,Yes,No,Microsoft's public cloud computing platform providing a broad range of cloud services.
CS_0108,CAR_024,SK_00193,High,Yes,No,Suite of cloud computing services offered by Google.
CS_0109,CAR_024,SK_00257,Critical,Yes,No,"Open-source operating system widely used for servers, cloud infrastructure, and development."
CS_0110,CAR_024,SK_00145,Critical,Yes,No,Containerization technology used to package applications and dependencies for consistent deployment.
CS_0111,CAR_024,SK_00252,Critical,Yes,Yes,"Container orchestration platform for automating application deployment, scaling, and management."
CS_0112,CAR_024,SK_00458,High,Yes,Yes,"Infrastructure as code software tool for building, changing, and versioning infrastructure safely."
CS_0113,CAR_024,SK_00078,High,Yes,No,Continuous integration and continuous deployment practices for automated software delivery.
CS_0114,CAR_024,SK_00360,High,Yes,Yes,"General-purpose programming language widely used for AI, machine learning, and backend development."
CS_0115,CAR_024,SK_00061,High,Yes,No,Command language and Unix shell used for automating system administration tasks.
CS_0116,CAR_024,SK_00305,Medium,Yes,No,Practices and technologies designed to protect the usability and integrity of networks.
CS_0117,CAR_024,SK_00412,Medium,Yes,Yes,Cloud computing execution model where the provider dynamically manages server allocation.
CS_0118,CAR_045,SK_00145,Critical,Yes,No,Containerization technology used to package applications and dependencies for consistent deployment.
CS_0119,CAR_045,SK_00252,Critical,Yes,Yes,"Container orchestration platform for automating application deployment, scaling, and management."
CS_0120,CAR_045,SK_00078,Critical,Yes,No,Continuous integration and continuous deployment practices for automated software delivery.
CS_0121,CAR_045,SK_00046,High,Yes,No,Amazon Web Services cloud computing platform for deploying scalable applications.
CS_0122,CAR_045,SK_00458,High,Yes,Yes,"Infrastructure as code software tool for building, changing, and versioning infrastructure safely."
CS_0123,CAR_045,SK_00061,High,Yes,No,Command language and Unix shell used for automating system administration tasks.
CS_0124,CAR_045,SK_00360,Medium,Yes,Yes,"General-purpose programming language widely used for AI, machine learning, and backend development."
CS_0125,CAR_032,SK_00305,Critical,Yes,No,Practices and technologies designed to protect the usability and integrity of networks.
CS_0126,CAR_032,SK_00337,High,Yes,No,"Practice of testing a computer system, network or web application to find security vulnerabilities."
CS_0127,CAR_032,SK_00416,High,Yes,No,Security information and event management for real-time analysis of security alerts.
CS_0128,CAR_032,SK_00360,Medium,Yes,Yes,"General-purpose programming language widely used for AI, machine learning, and backend development."
CS_0129,CAR_032,SK_00166,High,Yes,No,Lawful and authorized bypassing of system security to identify potential data breaches.
CS_0130,CAR_032,SK_00257,High,Yes,No,"Open-source operating system widely used for servers, cloud infrastructure, and development."
CS_0131,CAR_119,SK_00176,Critical,Yes,Yes,Collaborative web application for interface design and prototyping.
CS_0132,CAR_119,SK_00007,High,Yes,No,Vector-based user experience design tool for web apps and mobile apps.
CS_0133,CAR_119,SK_00506,Critical,Yes,No,Creating structural blueprints for web pages or apps to establish layout and functionality.
CS_0134,CAR_119,SK_00356,Critical,Yes,No,Building interactive models of applications to test user flows and interactions.
CS_0135,CAR_119,SK_00213,Medium,Yes,No,Fundamental technologies for structuring and styling content on the World Wide Web.
CS_0136,CAR_089,SK_00008,Critical,Yes,No,Project management approaches focusing on iterative development and continuous feedback.
CS_0137,CAR_089,SK_00400,High,Yes,No,"Agile framework for developing, delivering, and sustaining complex products."
CS_0138,CAR_089,SK_00243,High,Yes,No,Proprietary issue tracking product developed by Atlassian for bug tracking and agile project management.
CS_0139,CAR_089,SK_00350,Critical,Yes,No,High-level plan describing what a business hopes to accomplish with its product.
CS_0140,CAR_089,SK_00113,High,Yes,No,"Process of inspecting, cleansing, transforming, and modeling data to discover useful information."
CS_0141,CAR_016,SK_00429,Critical,Yes,Yes,Object-oriented programming language for writing smart contracts on various blockchain platforms.
CS_0142,CAR_016,SK_00164,Critical,Yes,Yes,"Decentralized, open-source blockchain with smart contract functionality."
CS_0143,CAR_016,SK_00420,Critical,Yes,Yes,Self-executing contracts with the terms of the agreement directly written into lines of code.
CS_0144,CAR_016,SK_00240,High,Yes,No,"Core programming language of the Web, used for interactive and dynamic content."
CS_0145,CAR_016,SK_00073,Medium,No,No,General-purpose programming language known for performance and system-level control.
CS_0146,CAR_057,SK_00475,Critical,Yes,Yes,Cross-platform game engine developed by Unity Technologies.
CS_0147,CAR_057,SK_00071,Critical,Yes,No,"Modern, object-oriented, and type-safe programming language."
CS_0148,CAR_057,SK_00478,High,Yes,Yes,3D computer graphics game engine developed by Epic Games.
CS_0149,CAR_057,SK_00073,High,No,No,General-purpose programming language known for performance and system-level control.
CS_0150,CAR_057,SK_00002,Medium,Yes,No,Process of developing a mathematical representation of any surface of an object in three dimensions.
CS_0151,CAR_091,SK_00407,Critical,Yes,No,Portable framework for testing web applications.
CS_0152,CAR_091,SK_00044,Critical,Yes,No,Use of software separate from the software being tested to control the execution of tests.
CS_0153,CAR_091,SK_00267,High,Yes,No,Process of manually testing software for defects without using automated tools.
CS_0154,CAR_091,SK_00360,High,Yes,Yes,"General-purpose programming language widely used for AI, machine learning, and backend development."
CS_0155,CAR_091,SK_00239,Medium,Yes,No,"High-level, class-based, object-oriented programming language widely used for enterprise applications."
CS_0156,CAR_042,SK_00435,Critical,Yes,No,"Query language used to store, retrieve, and analyze structured data in databases."
CS_0157,CAR_042,SK_00327,High,Yes,No,Multi-model database management system produced and marketed by Oracle Corporation.
CS_0158,CAR_042,SK_00127,High,Yes,No,Process of maximizing a database's use of system resources to perform work as efficiently as possible.
CS_0159,CAR_042,SK_00343,High,Yes,No,"Advanced, enterprise-class open-source relational database system."
CS_0160,CAR_042,SK_00292,Medium,Yes,No,NoSQL document database designed for scalability and flexible data schemas.
CS_0161,CAR_108,SK_00257,Critical,Yes,No,"Open-source operating system widely used for servers, cloud infrastructure, and development."
CS_0162,CAR_108,SK_00505,High,Yes,No,Group of operating systems designed by Microsoft that supports enterprise-level management.
CS_0163,CAR_108,SK_00005,High,Yes,No,Directory service developed by Microsoft for Windows domain networks.
CS_0164,CAR_108,SK_00489,High,Yes,No,Cloud computing and virtualization technology company.
CS_0165,CAR_108,SK_00061,High,Yes,No,Command language and Unix shell used for automating system administration tasks.
CS_0166,CAR_104,SK_00252,Critical,Yes,Yes,"Container orchestration platform for automating application deployment, scaling, and management."
CS_0167,CAR_104,SK_00294,Critical,Yes,No,Practices and tools for observing system health and notifying teams of issues.
CS_0168,CAR_104,SK_00224,High,Yes,No,Process used by DevOps and IT Operations teams to respond to an unplanned event or service interruption.
CS_0169,CAR_104,SK_00360,High,Yes,Yes,"General-purpose programming language widely used for AI, machine learning, and backend development."
CS_0170,CAR_104,SK_00046,High,Yes,No,Amazon Web Services cloud computing platform for deploying scalable applications.
CS_0171,CAR_047,SK_00360,High,Yes,Yes,"General-purpose programming language widely used for AI, machine learning, and backend development."
CS_0172,CAR_047,SK_00073,Critical,No,No,General-purpose programming language known for performance and system-level control.
CS_0173,CAR_047,SK_00070,Critical,Yes,No,Procedural programming language essential for low-level system access and embedded firmware.
CS_0174,CAR_047,SK_00277,Critical,Yes,No,Compact integrated circuits designed to govern a specific operation in an embedded system.
CS_0175,CAR_047,SK_00394,High,Yes,No,Real-time operating system intended to serve real-time applications that process data as it comes in.
CS_0176,CAR_047,SK_00157,High,Yes,Yes,Usage of Linux operating system in embedded computer systems.
CS_0177,CAR_047,SK_00035,Critical,Yes,No,Family of RISC instruction set architectures for computer processors.
CS_0178,CAR_047,SK_00433,Critical,Yes,No,Standard serial communication protocols used for interfacing microcontrollers with peripherals.
CS_0179,CAR_047,SK_00189,High,Yes,No,Version control system used for tracking code changes and collaborating on software.
CS_0180,CAR_047,SK_00236,Medium,Yes,Yes,Communication protocols like MQTT and CoAP used for Internet of Things devices.
CS_0181,CAR_047,SK_00206,High,Yes,No,Process of identifying and resolving bugs in hardware using tools like oscilloscopes and logic analyzers.
CS_0182,CAR_120,SK_00483,Critical,Yes,No,Hardware description language used to model electronic systems.
CS_0183,CAR_120,SK_00452,Critical,Yes,Yes,Combined hardware description and hardware verification language.
CS_0184,CAR_120,SK_00484,High,No,No,Hardware description language used in electronic design automation to describe digital and mixed-signal systems.
CS_0185,CAR_120,SK_00037,Critical,Yes,No,Application-specific integrated circuit design for a particular use rather than general-purpose use.
CS_0186,CAR_120,SK_00181,High,Yes,Yes,Field-programmable gate arrays designed to be configured by a customer or a designer after manufacturing.
CS_0187,CAR_120,SK_00393,Critical,Yes,No,Register-transfer level design abstraction used in synchronous digital circuits.
CS_0188,CAR_120,SK_00339,High,Yes,No,Process of transforming a circuit description into the physical layout.
CS_0189,CAR_120,SK_00442,High,Yes,No,Method of computing the expected timing of a digital circuit without requiring simulation.
CS_0190,CAR_120,SK_00360,Medium,Yes,Yes,"General-purpose programming language widely used for AI, machine learning, and backend development."
CS_0191,CAR_120,SK_00455,Medium,Yes,No,Scripting language commonly used for rapid prototyping and scripted applications in EDA tools.
CS_0192,CAR_016,SK_00429,Critical,Yes,Yes,Object-oriented programming language for writing smart contracts on various blockchain platforms.
CS_0193,CAR_016,SK_00164,Critical,Yes,Yes,"Decentralized, open-source blockchain with smart contract functionality."
CS_0194,CAR_016,SK_00420,Critical,Yes,Yes,Self-executing contracts with the terms of the agreement directly written into lines of code.
CS_0195,CAR_016,SK_00240,High,Yes,No,"Core programming language of the Web, used for interactive and dynamic content."
CS_0196,CAR_016,SK_00472,High,Yes,Yes,Strongly typed programming language that builds on JavaScript for larger scale applications.
CS_0197,CAR_016,SK_00501,High,Yes,Yes,"Collection of libraries that allow you to interact with a local or remote ethereum node using HTTP, IPC or WebSocket."
CS_0198,CAR_016,SK_00105,High,Yes,No,Practice and study of techniques for secure communication in the presence of adversarial behavior.
CS_0199,CAR_016,SK_00395,Medium,Yes,Yes,"Multi-paradigm, general-purpose programming language designed for performance and safety, especially safe concurrency."
CS_0200,CAR_016,SK_00192,Medium,Yes,No,"Statically typed, compiled programming language designed at Google."
CS_0201,CAR_016,SK_00189,Critical,Yes,No,Version control system used for tracking code changes and collaborating on software.
CS_0202,CAR_016,SK_00205,High,Yes,No,Development environments and testing frameworks for building on Ethereum.
CS_0203,CAR_105,SK_00429,Critical,Yes,Yes,Object-oriented programming language for writing smart contracts on various blockchain platforms.
CS_0204,CAR_105,SK_00420,Critical,Yes,Yes,Self-executing contracts with the terms of the agreement directly written into lines of code.
CS_0205,CAR_105,SK_00164,Critical,Yes,Yes,"Decentralized, open-source blockchain with smart contract functionality."
CS_0206,CAR_105,SK_00105,High,Yes,No,Practice and study of techniques for secure communication in the presence of adversarial behavior.
CS_0207,CAR_105,SK_00419,Critical,Yes,Yes,Practices and auditing processes to identify vulnerabilities in blockchain smart contracts.
CS_0208,CAR_105,SK_00205,High,Yes,No,Development environments and testing frameworks for building on Ethereum.
CS_0209,CAR_105,SK_00501,Medium,Yes,Yes,"Collection of libraries that allow you to interact with a local or remote ethereum node using HTTP, IPC or WebSocket."
CS_0210,CAR_105,SK_00240,High,Yes,No,"Core programming language of the Web, used for interactive and dynamic content."
CS_0211,CAR_105,SK_00189,High,Yes,No,Version control system used for tracking code changes and collaborating on software.
CS_0212,CAR_105,SK_00134,Medium,Yes,Yes,Decentralized finance applications and protocols built on blockchain networks.
CS_0213,CAR_057,SK_00475,Critical,Yes,Yes,Cross-platform game engine developed by Unity Technologies.
CS_0214,CAR_057,SK_00071,Critical,Yes,No,"Modern, object-oriented, and type-safe programming language."
CS_0215,CAR_057,SK_00478,High,Yes,Yes,3D computer graphics game engine developed by Epic Games.
CS_0216,CAR_057,SK_00073,High,No,No,General-purpose programming language known for performance and system-level control.
CS_0217,CAR_057,SK_00002,Medium,Yes,No,Process of developing a mathematical representation of any surface of an object in three dimensions.
CS_0218,CAR_057,SK_00185,High,Yes,No,Implementation of physics simulations to create realistic movement and collisions in games.
CS_0219,CAR_057,SK_00091,High,Yes,No,"Generation of visual images using computers, essential for rendering game environments."
CS_0220,CAR_057,SK_00183,Medium,Yes,No,"Artificial intelligence techniques used to create responsive, adaptive or intelligent behaviors primarily in non-player characters."
CS_0221,CAR_057,SK_00189,High,Yes,No,Version control system used for tracking code changes and collaborating on software.
CS_0222,CAR_057,SK_00298,Medium,Yes,No,Techniques for synchronizing game state across multiple clients over a network.
CS_0223,CAR_119,SK_00176,Critical,Yes,Yes,Collaborative web application for interface design and prototyping.
CS_0224,CAR_119,SK_00007,High,Yes,No,Vector-based user experience design tool for web apps and mobile apps.
CS_0225,CAR_119,SK_00506,Critical,Yes,No,Creating structural blueprints for web pages or apps to establish layout and functionality.
CS_0226,CAR_119,SK_00356,Critical,Yes,No,Building interactive models of applications to test user flows and interactions.
CS_0227,CAR_119,SK_00480,High,Yes,No,Systematic study of target users and their requirements to add realistic contexts and insights to design processes.
CS_0228,CAR_119,SK_00479,High,Yes,No,Evaluating a product or service by testing it with representative users.
CS_0229,CAR_119,SK_00226,High,Yes,No,Structural design of shared information environments to support usability and findability.
CS_0230,CAR_119,SK_00230,Critical,Yes,No,Design of the interaction between users and products.
CS_0231,CAR_119,SK_00213,Medium,Yes,No,Fundamental technologies for structuring and styling content on the World Wide Web.
CS_0232,CAR_119,SK_00137,High,Yes,Yes,"Collection of reusable components, guided by clear standards, that can be assembled together to build any number of applications."
CS_0233,CAR_088,SK_00176,Critical,Yes,Yes,Collaborative web application for interface design and prototyping.
CS_0234,CAR_088,SK_00137,Critical,Yes,Yes,"Collection of reusable components, guided by clear standards, that can be assembled together to build any number of applications."
CS_0235,CAR_088,SK_00356,Critical,Yes,No,Building interactive models of applications to test user flows and interactions.
CS_0236,CAR_088,SK_00480,High,Yes,No,Systematic study of target users and their requirements to add realistic contexts and insights to design processes.
CS_0237,CAR_088,SK_00350,High,Yes,No,High-level plan describing what a business hopes to accomplish with its product.
CS_0238,CAR_088,SK_00479,High,Yes,No,Evaluating a product or service by testing it with representative users.
CS_0239,CAR_088,SK_00506,High,Yes,No,Creating structural blueprints for web pages or apps to establish layout and functionality.
CS_0240,CAR_088,SK_00226,Medium,Yes,No,Structural design of shared information environments to support usability and findability.
CS_0241,CAR_088,SK_00123,High,Yes,Yes,Using quantitative and qualitative data to inform and validate design decisions.
CS_0242,CAR_088,SK_00213,Medium,Yes,No,Fundamental technologies for structuring and styling content on the World Wide Web.
CS_0243,CAR_034,SK_00435,Critical,Yes,No,"Query language used to store, retrieve, and analyze structured data in databases."
CS_0244,CAR_034,SK_00170,Critical,Yes,No,Spreadsheet software developed by Microsoft for data analysis and visualization.
CS_0245,CAR_034,SK_00453,High,Yes,No,Interactive data visualization software focused on business intelligence.
CS_0246,CAR_034,SK_00345,High,Yes,Yes,Interactive data visualization software product developed by Microsoft with primary focus on business intelligence.
CS_0247,CAR_034,SK_00360,High,Yes,Yes,"General-purpose programming language widely used for AI, machine learning, and backend development."
CS_0248,CAR_034,SK_00331,High,Yes,No,Data manipulation and analysis library for Python providing high-performance data structures.
CS_0249,CAR_034,SK_00443,High,Yes,No,"Mathematical science pertaining to the collection, analysis, interpretation, and presentation of data."
CS_0250,CAR_034,SK_00121,Critical,Yes,No,Graphical representation of information and data to highlight patterns and trends.
CS_0251,CAR_034,SK_00114,Critical,Yes,No,"Process of preparing data for analysis by removing or modifying data that is incorrect, incomplete, irrelevant, duplicated, or improperly formatted."
CS_0252,CAR_034,SK_00363,Medium,No,No,Programming language and free software environment for statistical computing and graphics.
CS_0253,CAR_017,SK_00378,Critical,Yes,No,Process of determining user expectations for a new or modified product.
CS_0254,CAR_017,SK_00069,Critical,Yes,No,"Activity of representing processes of an enterprise, so that the current process may be analyzed or improved."
CS_0255,CAR_017,SK_00435,High,Yes,No,"Query language used to store, retrieve, and analyze structured data in databases."
CS_0256,CAR_017,SK_00170,Critical,Yes,No,Spreadsheet software developed by Microsoft for data analysis and visualization.
CS_0257,CAR_017,SK_00113,High,Yes,No,"Process of inspecting, cleansing, transforming, and modeling data to discover useful information."
CS_0258,CAR_017,SK_00453,Medium,Yes,No,Interactive data visualization software focused on business intelligence.
CS_0259,CAR_017,SK_00345,Medium,Yes,Yes,Interactive data visualization software product developed by Microsoft with primary focus on business intelligence.
CS_0260,CAR_017,SK_00008,High,Yes,No,Project management approaches focusing on iterative development and continuous feedback.
CS_0261,CAR_017,SK_00243,High,Yes,No,Proprietary issue tracking product developed by Atlassian for bug tracking and agile project management.
CS_0262,CAR_017,SK_00438,Critical,Yes,No,Process of maintaining good relationships with the people who have most impact on your work.
CS_0263,CAR_107,SK_00046,Critical,Yes,No,Amazon Web Services cloud computing platform for deploying scalable applications.
CS_0264,CAR_107,SK_00052,High,Yes,No,Microsoft's public cloud computing platform providing a broad range of cloud services.
CS_0265,CAR_107,SK_00424,Critical,Yes,No,High-level structure of a software system and the discipline of creating such structures.
CS_0266,CAR_107,SK_00450,Critical,Yes,Yes,"Process of defining the architecture, modules, interfaces, and data for a system to satisfy specified requirements."
CS_0267,CAR_107,SK_00279,High,Yes,Yes,Architectural style that structures an application as a collection of loosely coupled services.
CS_0268,CAR_107,SK_00382,High,Yes,No,Architectural style for designing networked applications and integrating software services.
CS_0269,CAR_107,SK_00145,High,Yes,No,Containerization technology used to package applications and dependencies for consistent deployment.
CS_0270,CAR_107,SK_00252,High,Yes,Yes,"Container orchestration platform for automating application deployment, scaling, and management."
CS_0271,CAR_107,SK_00161,High,Yes,No,"Practice of analyzing, designing, planning and implementing enterprise analysis to successfully execute on business strategies."
CS_0272,CAR_107,SK_00404,High,Yes,No,"Design artifacts that describe how the security controls are positioned, and how they relate to the overall IT architecture."
CS_0273,CAR_107,SK_00435,Medium,Yes,No,"Query language used to store, retrieve, and analyze structured data in databases."
CS_0274,CAR_091,SK_00407,Critical,Yes,No,Portable framework for testing web applications.
CS_0275,CAR_091,SK_00044,Critical,Yes,No,Use of software separate from the software being tested to control the execution of tests.
CS_0276,CAR_091,SK_00267,High,Yes,No,Process of manually testing software for defects without using automated tools.
CS_0277,CAR_091,SK_00360,High,Yes,Yes,"General-purpose programming language widely used for AI, machine learning, and backend development."
CS_0278,CAR_091,SK_00239,High,Yes,No,"High-level, class-based, object-oriented programming language widely used for enterprise applications."
CS_0279,CAR_091,SK_00435,High,Yes,No,"Query language used to store, retrieve, and analyze structured data in databases."
CS_0280,CAR_091,SK_00189,High,Yes,No,Version control system used for tracking code changes and collaborating on software.
CS_0281,CAR_091,SK_00078,Medium,Yes,No,Continuous integration and continuous deployment practices for automated software delivery.
CS_0282,CAR_091,SK_00344,High,Yes,No,"API platform for building and using APIs, widely used for API testing."
CS_0283,CAR_091,SK_00460,Medium,Yes,No,Testing framework inspired from JUnit and NUnit but introducing some new functionalities.
CS_0284,CAR_091,SK_00245,Medium,Yes,No,Unit testing framework for the Java programming language.
CS_0285,CAR_011,SK_00407,Critical,Yes,No,Portable framework for testing web applications.
CS_0286,CAR_011,SK_00044,Critical,Yes,No,Use of software separate from the software being tested to control the execution of tests.
CS_0287,CAR_011,SK_00360,Critical,Yes,Yes,"General-purpose programming language widely used for AI, machine learning, and backend development."
CS_0288,CAR_011,SK_00239,High,Yes,No,"High-level, class-based, object-oriented programming language widely used for enterprise applications."
CS_0289,CAR_011,SK_00240,High,Yes,No,"Core programming language of the Web, used for interactive and dynamic content."
CS_0290,CAR_011,SK_00078,High,Yes,No,Continuous integration and continuous deployment practices for automated software delivery.
CS_0291,CAR_011,SK_00145,Medium,Yes,No,Containerization technology used to package applications and dependencies for consistent deployment.
CS_0292,CAR_011,SK_00189,Critical,Yes,No,Version control system used for tracking code changes and collaborating on software.
CS_0293,CAR_011,SK_00344,High,Yes,No,"API platform for building and using APIs, widely used for API testing."
CS_0294,CAR_011,SK_00110,High,Yes,Yes,Next generation front end testing tool built for the modern web.
CS_0295,CAR_011,SK_00029,High,Yes,No,"Open source test automation framework for use with native, hybrid and mobile web apps."
CS_0296,CAR_112,SK_00257,Critical,Yes,No,"Open-source operating system widely used for servers, cloud infrastructure, and development."
CS_0297,CAR_112,SK_00505,High,Yes,No,Group of operating systems designed by Microsoft that supports enterprise-level management.
CS_0298,CAR_112,SK_00061,High,Yes,No,Command language and Unix shell used for automating system administration tasks.
CS_0299,CAR_112,SK_00360,High,Yes,Yes,"General-purpose programming language widely used for AI, machine learning, and backend development."
CS_0300,CAR_112,SK_00145,High,Yes,No,Containerization technology used to package applications and dependencies for consistent deployment.
CS_0301,CAR_112,SK_00252,High,Yes,Yes,"Container orchestration platform for automating application deployment, scaling, and management."
CS_0302,CAR_112,SK_00046,High,Yes,No,Amazon Web Services cloud computing platform for deploying scalable applications.
CS_0303,CAR_112,SK_00052,High,Yes,No,Microsoft's public cloud computing platform providing a broad range of cloud services.
CS_0304,CAR_112,SK_00458,Medium,Yes,Yes,"Infrastructure as code software tool for building, changing, and versioning infrastructure safely."
CS_0305,CAR_112,SK_00489,High,Yes,No,Cloud computing and virtualization technology company.
CS_0306,CAR_112,SK_00346,High,Yes,No,Task automation and configuration management program from Microsoft.
CS_0307,CAR_089,SK_00008,Critical,Yes,No,Project management approaches focusing on iterative development and continuous feedback.
CS_0308,CAR_089,SK_00400,High,Yes,No,"Agile framework for developing, delivering, and sustaining complex products."
CS_0309,CAR_089,SK_00243,High,Yes,No,Proprietary issue tracking product developed by Atlassian for bug tracking and agile project management.
CS_0310,CAR_089,SK_00350,Critical,Yes,No,High-level plan describing what a business hopes to accomplish with its product.
CS_0311,CAR_089,SK_00113,High,Yes,No,"Process of inspecting, cleansing, transforming, and modeling data to discover useful information."
CS_0312,CAR_089,SK_00479,Medium,Yes,No,Evaluating a product or service by testing it with representative users.
CS_0313,CAR_089,SK_00480,High,Yes,No,Systematic study of target users and their requirements to add realistic contexts and insights to design processes.
CS_0314,CAR_089,SK_00378,Critical,Yes,No,Process of determining user expectations for a new or modified product.
CS_0315,CAR_089,SK_00438,Critical,Yes,No,Process of maintaining good relationships with the people who have most impact on your work.
CS_0316,CAR_089,SK_00387,Critical,Yes,No,Process of creating a strategic plan that defines a goal or desired outcome and includes the major steps or milestones needed to reach it.
CS_0317,CAR_114,SK_00008,Critical,Yes,No,Project management approaches focusing on iterative development and continuous feedback.
CS_0318,CAR_114,SK_00400,High,Yes,No,"Agile framework for developing, delivering, and sustaining complex products."
CS_0319,CAR_114,SK_00243,High,Yes,No,Proprietary issue tracking product developed by Atlassian for bug tracking and agile project management.
CS_0320,CAR_114,SK_00350,Critical,Yes,No,High-level plan describing what a business hopes to accomplish with its product.
CS_0321,CAR_114,SK_00382,High,Yes,No,Architectural style for designing networked applications and integrating software services.
CS_0322,CAR_114,SK_00435,High,Yes,No,"Query language used to store, retrieve, and analyze structured data in databases."
CS_0323,CAR_114,SK_00046,Medium,Yes,No,Amazon Web Services cloud computing platform for deploying scalable applications.
CS_0324,CAR_114,SK_00450,High,Yes,Yes,"Process of defining the architecture, modules, interfaces, and data for a system to satisfy specified requirements."
CS_0325,CAR_114,SK_00378,Critical,Yes,No,Process of determining user expectations for a new or modified product.
CS_0326,CAR_114,SK_00387,Critical,Yes,No,Process of creating a strategic plan that defines a goal or desired outcome and includes the major steps or milestones needed to reach it.
CS_0327,CAR_114,SK_00025,High,Yes,No,Process of developing application programming interfaces (APIs) that expose data and application functionality.
CS_0328,CAR_029,SK_00360,Critical,Yes,Yes,"General-purpose programming language widely used for AI, machine learning, and backend development."
CS_0329,CAR_029,SK_00132,Critical,Yes,Yes,Machine learning approach based on multi-layer neural networks for complex data tasks.
CS_0330,CAR_029,SK_00361,Critical,Yes,Yes,Deep learning framework widely used for developing and training neural network models.
CS_0331,CAR_029,SK_00457,High,Yes,Yes,Open-source machine learning framework for training and deploying deep neural networks.
CS_0332,CAR_029,SK_00323,Critical,Yes,No,Library of programming functions mainly aimed at real-time computer vision.
CS_0333,CAR_029,SK_00222,Critical,Yes,No,"Method to perform some operations on an image, in order to get an enhanced image or to extract some useful information from it."
CS_0334,CAR_029,SK_00319,High,Yes,Yes,Computer vision technique for locating instances of objects in images or videos.
CS_0335,CAR_029,SK_00223,High,Yes,Yes,Process of partitioning a digital image into multiple segments (sets of pixels).
CS_0336,CAR_029,SK_00316,High,Yes,No,Fundamental package for scientific computing with Python supporting large arrays and matrices.
CS_0337,CAR_029,SK_00145,Medium,Yes,No,Containerization technology used to package applications and dependencies for consistent deployment.
CS_0338,CAR_029,SK_00189,High,Yes,No,Version control system used for tracking code changes and collaborating on software.
CS_0339,CAR_083,SK_00360,Critical,Yes,Yes,"General-purpose programming language widely used for AI, machine learning, and backend development."
CS_0340,CAR_083,SK_00132,Critical,Yes,Yes,Machine learning approach based on multi-layer neural networks for complex data tasks.
CS_0341,CAR_083,SK_00361,Critical,Yes,Yes,Deep learning framework widely used for developing and training neural network models.
CS_0342,CAR_083,SK_00457,High,Yes,Yes,Open-source machine learning framework for training and deploying deep neural networks.
CS_0343,CAR_083,SK_00255,Critical,Yes,Yes,Advanced AI models trained on massive text datasets to understand and generate human language.
CS_0344,CAR_083,SK_00302,Critical,Yes,Yes,"Subfield of linguistics, computer science, and artificial intelligence concerned with the interactions between computers and human language."
CS_0345,CAR_083,SK_00214,Critical,Yes,Yes,"Library that provides thousands of pretrained models to perform tasks on different modalities such as text, vision, and audio."
CS_0346,CAR_083,SK_00461,High,Yes,No,Machine learning technique that assigns a set of predefined categories to open-ended text.
CS_0347,CAR_083,SK_00301,High,Yes,No,Subtask of information extraction that seeks to locate and classify named entities mentioned in unstructured text.
CS_0348,CAR_083,SK_00316,High,Yes,No,Fundamental package for scientific computing with Python supporting large arrays and matrices.
CS_0349,CAR_083,SK_00145,Medium,Yes,No,Containerization technology used to package applications and dependencies for consistent deployment.
CS_0350,CAR_058,SK_00360,Critical,Yes,Yes,"General-purpose programming language widely used for AI, machine learning, and backend development."
CS_0351,CAR_058,SK_00132,High,Yes,Yes,Machine learning approach based on multi-layer neural networks for complex data tasks.
CS_0352,CAR_058,SK_00361,High,Yes,Yes,Deep learning framework widely used for developing and training neural network models.
CS_0353,CAR_058,SK_00188,Critical,Yes,Yes,"AI systems capable of generating text, images, or other media in response to prompts."
CS_0354,CAR_058,SK_00255,Critical,Yes,Yes,Advanced AI models trained on massive text datasets to understand and generate human language.
CS_0355,CAR_058,SK_00214,High,Yes,Yes,"Library that provides thousands of pretrained models to perform tasks on different modalities such as text, vision, and audio."
CS_0356,CAR_058,SK_00354,Critical,Yes,Yes,Process of structuring text that can be interpreted and understood by a generative AI model.
CS_0357,CAR_058,SK_00254,Critical,Yes,Yes,Framework designed to simplify the creation of applications using large language models.
CS_0358,CAR_058,SK_00139,Medium,Yes,Yes,Class of latent variable models used for generating high-quality images and audio.
CS_0359,CAR_058,SK_00145,Medium,Yes,No,Containerization technology used to package applications and dependencies for consistent deployment.
CS_0360,CAR_058,SK_00046,Medium,Yes,No,Amazon Web Services cloud computing platform for deploying scalable applications.
CS_0361,CAR_075,SK_00360,Critical,Yes,Yes,"General-purpose programming language widely used for AI, machine learning, and backend development."
CS_0362,CAR_075,SK_00282,Critical,Yes,Yes,"Practices for deploying, monitoring, and maintaining machine learning models in production."
CS_0363,CAR_075,SK_00145,Critical,Yes,No,Containerization technology used to package applications and dependencies for consistent deployment.
CS_0364,CAR_075,SK_00252,Critical,Yes,Yes,"Container orchestration platform for automating application deployment, scaling, and management."
CS_0365,CAR_075,SK_00078,Critical,Yes,No,Continuous integration and continuous deployment practices for automated software delivery.
CS_0366,CAR_075,SK_00046,High,Yes,No,Amazon Web Services cloud computing platform for deploying scalable applications.
CS_0367,CAR_075,SK_00458,High,Yes,Yes,"Infrastructure as code software tool for building, changing, and versioning infrastructure safely."
CS_0368,CAR_075,SK_00189,High,Yes,No,Version control system used for tracking code changes and collaborating on software.
CS_0369,CAR_075,SK_00281,High,Yes,Yes,Open source platform for the machine learning lifecycle.
CS_0370,CAR_075,SK_00251,High,Yes,Yes,Machine learning toolkit for Kubernetes.
CS_0371,CAR_075,SK_00291,Critical,Yes,Yes,Process of tracking the performance of machine learning models in production.
CS_0372,CAR_023,SK_00046,Critical,Yes,No,Amazon Web Services cloud computing platform for deploying scalable applications.
CS_0373,CAR_023,SK_00052,High,Yes,No,Microsoft's public cloud computing platform providing a broad range of cloud services.
CS_0374,CAR_023,SK_00193,Medium,Yes,No,Suite of cloud computing services offered by Google.
CS_0375,CAR_023,SK_00424,Critical,Yes,No,High-level structure of a software system and the discipline of creating such structures.
CS_0376,CAR_023,SK_00450,Critical,Yes,Yes,"Process of defining the architecture, modules, interfaces, and data for a system to satisfy specified requirements."
CS_0377,CAR_023,SK_00279,High,Yes,Yes,Architectural style that structures an application as a collection of loosely coupled services.
CS_0378,CAR_023,SK_00145,High,Yes,No,Containerization technology used to package applications and dependencies for consistent deployment.
CS_0379,CAR_023,SK_00252,High,Yes,Yes,"Container orchestration platform for automating application deployment, scaling, and management."
CS_0380,CAR_023,SK_00458,High,Yes,Yes,"Infrastructure as code software tool for building, changing, and versioning infrastructure safely."
CS_0381,CAR_023,SK_00257,High,Yes,No,"Open-source operating system widely used for servers, cloud infrastructure, and development."
CS_0382,CAR_023,SK_00305,High,Yes,No,Practices and technologies designed to protect the usability and integrity of networks.
CS_0383,CAR_071,SK_00305,Critical,Yes,No,Practices and technologies designed to protect the usability and integrity of networks.
CS_0384,CAR_071,SK_00416,High,Yes,No,Security information and event management for real-time analysis of security alerts.
CS_0385,CAR_071,SK_00404,Critical,Yes,No,"Design artifacts that describe how the security controls are positioned, and how they relate to the overall IT architecture."
CS_0386,CAR_071,SK_00386,Critical,Yes,No,"Identification, evaluation, and prioritization of risks followed by coordinated and economical application of resources."
CS_0387,CAR_071,SK_00090,Critical,Yes,No,Adhering to security standards and regulatory requirements.
CS_0388,CAR_071,SK_00225,Critical,Yes,No,Approach to managing the aftermath of a security breach or cyberattack.
CS_0389,CAR_071,SK_00496,High,Yes,No,"Cyclical practice of identifying, classifying, prioritizing, remediating, and mitigating software vulnerabilities."
CS_0390,CAR_071,SK_00219,High,Yes,No,Framework of policies and technologies for ensuring that the proper people in an enterprise have the appropriate access to technology resources.
CS_0391,CAR_071,SK_00257,Medium,Yes,No,"Open-source operating system widely used for servers, cloud infrastructure, and development."
CS_0392,CAR_071,SK_00046,High,Yes,No,Amazon Web Services cloud computing platform for deploying scalable applications.
CS_0393,CAR_084,SK_00305,High,Yes,No,Practices and technologies designed to protect the usability and integrity of networks.
CS_0394,CAR_084,SK_00391,Critical,Yes,No,Process of moving packets across a network from one host to a another.
CS_0395,CAR_084,SK_00080,High,Yes,No,Family of network operating systems used on many Cisco Systems routers and current Cisco network switches.
CS_0396,CAR_084,SK_00177,Critical,Yes,No,Network security system that monitors and controls incoming and outgoing network traffic.
CS_0397,CAR_084,SK_00491,High,Yes,No,Virtual private network that extends a private network across a public network.
CS_0398,CAR_084,SK_00304,High,Yes,No,Use of a system that constantly monitors a computer network for slow or failing components.
CS_0399,CAR_084,SK_00456,Critical,Yes,No,Conceptual model and set of communications protocols used in the Internet and similar computer networks.
CS_0400,CAR_084,SK_00257,Medium,Yes,No,"Open-source operating system widely used for servers, cloud infrastructure, and development."
CS_0401,CAR_084,SK_00505,Medium,Yes,No,Group of operating systems designed by Microsoft that supports enterprise-level management.
CS_0402,CAR_084,SK_00507,High,Yes,No,Free and open-source packet analyzer.
CS_0403,CAR_109,SK_00257,Critical,Yes,No,"Open-source operating system widely used for servers, cloud infrastructure, and development."
CS_0404,CAR_109,SK_00505,Critical,Yes,No,Group of operating systems designed by Microsoft that supports enterprise-level management.
CS_0405,CAR_109,SK_00005,Critical,Yes,No,Directory service developed by Microsoft for Windows domain networks.
CS_0406,CAR_109,SK_00489,High,Yes,No,Cloud computing and virtualization technology company.
CS_0407,CAR_109,SK_00061,High,Yes,No,Command language and Unix shell used for automating system administration tasks.
CS_0408,CAR_109,SK_00346,High,Yes,No,Task automation and configuration management program from Microsoft.
CS_0409,CAR_109,SK_00059,Critical,Yes,No,Process of creating and storing copies of data that can be used to protect organizations against data loss.
CS_0410,CAR_109,SK_00451,High,Yes,No,Process of tracking the resources and performance of a computer system.
CS_0411,CAR_109,SK_00046,Medium,Yes,No,Amazon Web Services cloud computing platform for deploying scalable applications.
CS_0412,CAR_109,SK_00052,Medium,Yes,No,Microsoft's public cloud computing platform providing a broad range of cloud services.
CS_0413,CAR_068,SK_00505,High,Yes,No,Group of operating systems designed by Microsoft that supports enterprise-level management.
CS_0414,CAR_068,SK_00005,High,Yes,No,Directory service developed by Microsoft for Windows domain networks.
CS_0415,CAR_068,SK_00470,Critical,Yes,No,"Form of problem solving, often applied to repair failed products or processes on a machine or a system."
CS_0416,CAR_068,SK_00210,High,Yes,No,Software that allows businesses to resolve customer queries faster and more efficiently.
CS_0417,CAR_068,SK_00207,High,Yes,No,Process of keeping computer hardware in good working order.
CS_0418,CAR_068,SK_00322,Critical,Yes,No,Management of Microsoft Office 365 services and subscriptions.
CS_0419,CAR_068,SK_00108,Critical,Yes,No,Assistance and advice provided by a company to those people who buy or use its products or services.
CS_0420,CAR_068,SK_00306,High,Yes,No,"Process of measuring, identifying, and resolving network-related issues."
CS_0421,CAR_068,SK_00257,Medium,Yes,No,"Open-source operating system widely used for servers, cloud infrastructure, and development."
CS_0422,CAR_068,SK_00284,Medium,Yes,No,"Administration of mobile devices, such as smartphones, tablet computers and laptops."
CS_0423,CAR_115,SK_00470,Critical,Yes,No,"Form of problem solving, often applied to repair failed products or processes on a machine or a system."
CS_0424,CAR_115,SK_00435,High,Yes,No,"Query language used to store, retrieve, and analyze structured data in databases."
CS_0425,CAR_115,SK_00257,High,Yes,No,"Open-source operating system widely used for servers, cloud infrastructure, and development."
CS_0426,CAR_115,SK_00382,Medium,Yes,No,Architectural style for designing networked applications and integrating software services.
CS_0427,CAR_115,SK_00210,High,Yes,No,Software that allows businesses to resolve customer queries faster and more efficiently.
CS_0428,CAR_115,SK_00306,High,Yes,No,"Process of measuring, identifying, and resolving network-related issues."
CS_0429,CAR_115,SK_00263,Critical,Yes,No,"Process of reviewing, interpreting, and understanding computer-generated records called logs."
CS_0430,CAR_115,SK_00360,Medium,Yes,Yes,"General-purpose programming language widely used for AI, machine learning, and backend development."
CS_0431,CAR_115,SK_00046,Medium,Yes,No,Amazon Web Services cloud computing platform for deploying scalable applications.
CS_0432,CAR_115,SK_00108,Critical,Yes,No,Assistance and advice provided by a company to those people who buy or use its products or services.
CS_0433,CAR_009,SK_00360,High,Yes,Yes,"General-purpose programming language widely used for AI, machine learning, and backend development."
CS_0434,CAR_009,SK_00435,Medium,Yes,No,"Query language used to store, retrieve, and analyze structured data in databases."
CS_0435,CAR_009,SK_00189,High,Yes,No,Version control system used for tracking code changes and collaborating on software.
CS_0436,CAR_009,SK_00078,High,Yes,No,Continuous integration and continuous deployment practices for automated software delivery.
CS_0437,CAR_009,SK_00337,High,Yes,No,"Practice of testing a computer system, network or web application to find security vulnerabilities."
CS_0438,CAR_009,SK_00145,Medium,Yes,No,Containerization technology used to package applications and dependencies for consistent deployment.
CS_0439,CAR_009,SK_00046,Medium,Yes,No,Amazon Web Services cloud computing platform for deploying scalable applications.
CS_0440,CAR_009,SK_00305,High,Yes,No,Practices and technologies designed to protect the usability and integrity of networks.
CS_0441,CAR_009,SK_00166,High,Yes,No,Lawful and authorized bypassing of system security to identify potential data breaches.
CS_0442,CAR_009,SK_00382,High,Yes,No,Architectural style for designing networked applications and integrating software services.
CS_0443,CAR_009,SK_00030,Critical,Yes,Yes,Integration of security practices and tools into the software development lifecycle.
CS_0444,CAR_009,SK_00105,Medium,Yes,No,Practice and study of techniques for secure communication in the presence of adversarial behavior.
CS_0445,CAR_009,SK_00329,Critical,Yes,Yes,Knowledge of the Open Worldwide Application Security Project guidelines and top vulnerabilities.
CS_0446,CAR_009,SK_00440,High,Yes,No,Method of computer program debugging that is done by examining the code without executing the program.
CS_0447,CAR_009,SK_00152,High,Yes,No,Testing and evaluation of a program by executing data in real-time.
CS_0448,CAR_070,SK_00360,High,Yes,Yes,"General-purpose programming language widely used for AI, machine learning, and backend development."
CS_0449,CAR_070,SK_00257,Critical,Yes,No,"Open-source operating system widely used for servers, cloud infrastructure, and development."
CS_0450,CAR_070,SK_00305,Critical,Yes,No,Practices and technologies designed to protect the usability and integrity of networks.
CS_0451,CAR_070,SK_00416,Critical,Yes,No,Security information and event management for real-time analysis of security alerts.
CS_0452,CAR_070,SK_00263,High,Yes,No,"Process of reviewing, interpreting, and understanding computer-generated records called logs."
CS_0453,CAR_070,SK_00507,High,Yes,No,Free and open-source packet analyzer.
CS_0454,CAR_070,SK_00266,High,Yes,No,"Study or process of determining the functionality, origin, and potential impact of a given malware sample."
CS_0455,CAR_070,SK_00141,Critical,Yes,No,"Recovery and investigation of material found in digital devices, often in relation to computer crime."
CS_0456,CAR_070,SK_00061,High,Yes,No,Command language and Unix shell used for automating system administration tasks.
CS_0457,CAR_070,SK_00046,Medium,Yes,No,Amazon Web Services cloud computing platform for deploying scalable applications.
CS_0458,CAR_070,SK_00464,High,Yes,Yes,Information that allows organizations to understand the risks of the most common and severe external threats.
CS_0459,CAR_031,SK_00360,High,Yes,Yes,"General-purpose programming language widely used for AI, machine learning, and backend development."
CS_0460,CAR_031,SK_00073,High,No,No,General-purpose programming language known for performance and system-level control.
CS_0461,CAR_031,SK_00105,Critical,Yes,Yes,Practice and study of techniques for secure communication in the presence of adversarial behavior.
CS_0462,CAR_031,SK_00270,Critical,Yes,No,Advanced mathematical concepts including number theory and abstract algebra used in algorithm design.
CS_0463,CAR_031,SK_00010,Critical,Yes,No,"Set of instructions designed to perform a specific task, essential for secure data encryption."
CS_0464,CAR_031,SK_00305,High,Yes,No,Practices and technologies designed to protect the usability and integrity of networks.
CS_0465,CAR_031,SK_00340,High,Yes,No,Public Key Infrastructure used to manage digital certificates and public-key encryption.
CS_0466,CAR_031,SK_00405,Critical,Yes,No,Rules and procedures governing the secure exchange of data over a network.
CS_0467,CAR_031,SK_00164,Medium,Yes,Yes,"Decentralized, open-source blockchain with smart contract functionality."
CS_0468,CAR_041,SK_00435,Critical,Yes,No,"Query language used to store, retrieve, and analyze structured data in databases."
CS_0469,CAR_041,SK_00360,High,Yes,Yes,"General-purpose programming language widely used for AI, machine learning, and backend development."
CS_0470,CAR_041,SK_00167,Critical,Yes,No,"Extract, Transform, Load processes for migrating and preparing data for analysis."
CS_0471,CAR_041,SK_00122,Critical,Yes,No,Central repositories of integrated data from one or more disparate sources.
CS_0472,CAR_041,SK_00421,Critical,Yes,Yes,Cloud-based data warehousing platform designed for massive scale and performance.
CS_0473,CAR_041,SK_00046,High,Yes,No,Amazon Web Services cloud computing platform for deploying scalable applications.
CS_0474,CAR_041,SK_00052,Medium,Yes,No,Microsoft's public cloud computing platform providing a broad range of cloud services.
CS_0475,CAR_041,SK_00343,High,Yes,No,"Advanced, enterprise-class open-source relational database system."
CS_0476,CAR_041,SK_00117,Critical,Yes,No,Process of creating a conceptual representation of data structures and their relationships.
CS_0477,CAR_041,SK_00024,High,Yes,No,Unified analytics engine for large-scale data processing and distributed computing.
CS_0478,CAR_041,SK_00022,High,Yes,Yes,"Open-source platform created by the community to programmatically author, schedule, and monitor workflows."
CS_0479,CAR_041,SK_00078,Medium,Yes,No,Continuous integration and continuous deployment practices for automated software delivery.
CS_0480,CAR_041,SK_00189,High,Yes,No,Version control system used for tracking code changes and collaborating on software.
CS_0481,CAR_014,SK_00360,Critical,Yes,Yes,"General-purpose programming language widely used for AI, machine learning, and backend development."
CS_0482,CAR_014,SK_00239,High,Yes,No,"High-level, class-based, object-oriented programming language widely used for enterprise applications."
CS_0483,CAR_014,SK_00024,Critical,Yes,Yes,Unified analytics engine for large-scale data processing and distributed computing.
CS_0484,CAR_014,SK_00203,High,Yes,No,Collection of open-source software utilities that facilitate using a network of many computers to solve problems.
CS_0485,CAR_014,SK_00435,Critical,Yes,No,"Query language used to store, retrieve, and analyze structured data in databases."
CS_0486,CAR_014,SK_00046,High,Yes,No,Amazon Web Services cloud computing platform for deploying scalable applications.
CS_0487,CAR_014,SK_00122,High,Yes,No,Central repositories of integrated data from one or more disparate sources.
CS_0488,CAR_014,SK_00167,Critical,Yes,No,"Extract, Transform, Load processes for migrating and preparing data for analysis."
CS_0489,CAR_014,SK_00023,High,Yes,Yes,Distributed event streaming platform used for high-performance data pipelines and streaming analytics.
CS_0490,CAR_014,SK_00292,Medium,Yes,No,NoSQL document database designed for scalability and flexible data schemas.
CS_0491,CAR_014,SK_00257,High,Yes,No,"Open-source operating system widely used for servers, cloud infrastructure, and development."
CS_0492,CAR_014,SK_00145,Medium,Yes,No,Containerization technology used to package applications and dependencies for consistent deployment.
CS_0493,CAR_014,SK_00252,Medium,Yes,Yes,"Container orchestration platform for automating application deployment, scaling, and management."
CS_0494,CAR_018,SK_00435,Critical,Yes,No,"Query language used to store, retrieve, and analyze structured data in databases."
CS_0495,CAR_018,SK_00121,Critical,Yes,No,Graphical representation of information and data to highlight patterns and trends.
CS_0496,CAR_018,SK_00453,Critical,Yes,Yes,Interactive data visualization software focused on business intelligence.
CS_0497,CAR_018,SK_00345,Critical,Yes,Yes,Interactive data visualization software product developed by Microsoft with a primary focus on business intelligence.
CS_0498,CAR_018,SK_00360,High,Yes,Yes,"General-purpose programming language widely used for AI, machine learning, and backend development."
CS_0499,CAR_018,SK_00117,High,Yes,No,Process of creating a conceptual representation of data structures and their relationships.
CS_0500,CAR_018,SK_00167,High,Yes,No,"Extract, Transform, Load processes for migrating and preparing data for analysis."
CS_0501,CAR_018,SK_00122,High,Yes,No,Central repositories of integrated data from one or more disparate sources.
CS_0502,CAR_018,SK_00421,Medium,Yes,Yes,Cloud-based data warehousing platform designed for massive scale and performance.
CS_0503,CAR_018,SK_00170,High,Yes,No,Spreadsheet software by Microsoft used for data analysis and visualization.
CS_0504,CAR_018,SK_00443,Medium,Yes,No,"Mathematical science pertaining to the collection, analysis, interpretation, and presentation of data."
CS_0505,CAR_094,SK_00360,Critical,Yes,Yes,"General-purpose programming language widely used for AI, machine learning, and backend development."
CS_0506,CAR_094,SK_00073,High,No,No,General-purpose programming language known for performance and system-level control.
CS_0507,CAR_094,SK_00363,High,No,No,Programming language and free software environment for statistical computing and graphics.
CS_0508,CAR_094,SK_00443,Critical,Yes,No,"Mathematical science pertaining to the collection, analysis, interpretation, and presentation of data."
CS_0509,CAR_094,SK_00270,Critical,Yes,No,Advanced mathematical concepts including calculus and linear algebra for financial modeling.
CS_0510,CAR_094,SK_00264,High,Yes,Yes,Methods for building systems that learn patterns from data and make predictions.
CS_0511,CAR_094,SK_00113,Critical,Yes,No,"Process of inspecting, cleansing, transforming, and modeling data to discover useful information."
CS_0512,CAR_094,SK_00435,High,Yes,No,"Query language used to store, retrieve, and analyze structured data in databases."
CS_0513,CAR_094,SK_00010,Critical,Yes,No,"Set of instructions designed to perform a specific task, essential for trading strategies."
CS_0514,CAR_094,SK_00331,High,Yes,No,Data manipulation and analysis library for Python providing high-performance data structures.
CS_0515,CAR_094,SK_00316,High,Yes,No,Fundamental package for scientific computing with Python supporting large arrays and matrices.
CS_0516,CAR_094,SK_00467,Critical,Yes,No,Statistical techniques used to analyze time series data to extract meaningful statistics and characteristics.
CS_0517,CAR_052,SK_00070,Critical,Yes,No,"General-purpose, procedural computer programming language supporting structured programming."
CS_0518,CAR_052,SK_00073,High,No,No,General-purpose programming language known for performance and system-level control.
CS_0519,CAR_052,SK_00156,Critical,Yes,No,Set of language extensions for the C programming language by the C Standards Committee to address commonality issues.
CS_0520,CAR_052,SK_00277,Critical,Yes,No,Small computer on a single metal-oxide-semiconductor integrated circuit chip.
CS_0521,CAR_052,SK_00394,Critical,Yes,No,Real-time operating system intended to serve real-time applications that process data as it comes in.
CS_0522,CAR_052,SK_00360,Medium,Yes,Yes,"General-purpose programming language widely used for AI, machine learning, and backend development."
CS_0523,CAR_052,SK_00189,High,Yes,No,Version control system used for tracking code changes and collaborating on software.
CS_0524,CAR_052,SK_00206,High,Yes,No,Process of finding and resolving defects or problems within a physical hardware system.
CS_0525,CAR_052,SK_00235,Medium,Yes,Yes,"Network of physical objects embedded with sensors, software, and other technologies."
CS_0526,CAR_052,SK_00036,High,Yes,No,Group of 32-bit and 64-bit RISC ARM processor cores licensed by Arm Holdings.
CS_0527,CAR_052,SK_00257,High,Yes,No,"Open-source operating system widely used for servers, cloud infrastructure, and development."
CS_0528,CAR_052,SK_00432,High,Yes,No,Synchronous serial communication interface specifications used for short-distance communication.
CS_0529,CAR_060,SK_00079,Critical,Yes,No,Process of designing electronic circuits to perform specific functions.
CS_0530,CAR_060,SK_00334,Critical,Yes,No,Process of designing printed circuit boards that mechanically support and electrically connect electronic components.
CS_0531,CAR_060,SK_00484,Medium,No,No,Hardware description language used in electronic design automation to describe digital and mixed-signal systems.
CS_0532,CAR_060,SK_00483,Medium,No,No,Hardware description language used to model electronic systems.
CS_0533,CAR_060,SK_00070,Medium,Yes,No,"General-purpose, procedural computer programming language supporting structured programming."
CS_0534,CAR_060,SK_00277,High,Yes,No,Small computer on a single metal-oxide-semiconductor integrated circuit chip.
CS_0535,CAR_060,SK_00328,High,Yes,No,Type of electronic test instrument that graphically displays varying signal voltages.
CS_0536,CAR_060,SK_00181,Medium,Yes,No,Field-programmable gate array designed to be configured by a customer or a designer after manufacturing.
CS_0537,CAR_060,SK_00011,High,Yes,No,Software package for printed circuit board design.
CS_0538,CAR_060,SK_00360,Medium,Yes,Yes,"General-purpose programming language widely used for AI, machine learning, and backend development."
CS_0539,CAR_060,SK_00427,High,Yes,No,Process in which two or more items are joined together by melting and putting a filler metal into the joint.
CS_0540,CAR_050,SK_00484,Critical,No,No,Hardware description language used in electronic design automation to describe digital and mixed-signal systems.
CS_0541,CAR_050,SK_00483,Critical,No,No,Hardware description language used to model electronic systems.
CS_0542,CAR_050,SK_00452,High,Yes,No,"Hardware description and hardware verification language used to model, design, simulate, test and implement electronic systems."
CS_0543,CAR_050,SK_00181,Critical,Yes,No,Field-programmable gate array designed to be configured by a customer or a designer after manufacturing.
CS_0544,CAR_050,SK_00393,Critical,Yes,No,Register-transfer level design abstraction which models a synchronous digital circuit.
CS_0545,CAR_050,SK_00070,Medium,Yes,No,"General-purpose, procedural computer programming language supporting structured programming."
CS_0546,CAR_050,SK_00073,Medium,No,No,General-purpose programming language known for performance and system-level control.
CS_0547,CAR_050,SK_00360,Medium,Yes,Yes,"General-purpose programming language widely used for AI, machine learning, and backend development."
CS_0548,CAR_050,SK_00140,Critical,Yes,No,Field of electronics involving the study of digital signals and the engineering of devices that use or produce them.
CS_0549,CAR_050,SK_00512,High,Yes,No,American technology company that primarily supplied programmable logic devices.
CS_0550,CAR_050,SK_00468,High,Yes,No,Method of computing the expected timing of a digital circuit without requiring a simulation.
CS_0551,CAR_006,SK_00071,Critical,Yes,No,"Modern, object-oriented, and type-safe programming language."
CS_0552,CAR_006,SK_00073,High,No,No,General-purpose programming language known for performance and system-level control.
CS_0553,CAR_006,SK_00475,Critical,Yes,Yes,Cross-platform game engine developed by Unity Technologies.
CS_0554,CAR_006,SK_00478,High,Yes,Yes,3D computer graphics game engine developed by Epic Games.
CS_0555,CAR_006,SK_00002,Medium,Yes,No,Process of developing a mathematical representation of any surface of an object in three dimensions.
CS_0556,CAR_006,SK_00092,High,Yes,Yes,Interdisciplinary scientific field that deals with how computers can gain high-level understanding from digital images or videos.
CS_0557,CAR_006,SK_00034,High,Yes,No,Apple's augmented reality platform for iOS devices.
CS_0558,CAR_006,SK_00031,High,Yes,No,Google's software development kit that allows for augmented reality applications to be built.
CS_0559,CAR_006,SK_00360,Medium,Yes,Yes,"General-purpose programming language widely used for AI, machine learning, and backend development."
CS_0560,CAR_006,SK_00189,High,Yes,No,Version control system used for tracking code changes and collaborating on software.
CS_0561,CAR_006,SK_00270,Medium,Yes,No,Mathematical concepts essential for 3D transformations and physics simulations.
CS_0562,CAR_006,SK_00324,Medium,No,No,"Cross-language, cross-platform application programming interface for rendering 2D and 3D vector graphics."
CS_0563,CAR_001,SK_00073,Critical,No,No,General-purpose programming language known for performance and system-level control.
CS_0564,CAR_001,SK_00071,High,Yes,No,"Modern, object-oriented, and type-safe programming language."
CS_0565,CAR_001,SK_00324,High,No,No,"Cross-language, cross-platform application programming interface for rendering 2D and 3D vector graphics."
CS_0566,CAR_001,SK_00142,High,Yes,No,Collection of application programming interfaces for handling tasks related to multimedia on Microsoft platforms.
CS_0567,CAR_001,SK_00494,High,Yes,Yes,"Low-overhead, cross-platform 3D graphics and computing API."
CS_0568,CAR_001,SK_00270,Critical,Yes,No,Advanced mathematics including linear algebra and calculus for 3D rendering algorithms.
CS_0569,CAR_001,SK_00002,Medium,Yes,No,Process of developing a mathematical representation of any surface of an object in three dimensions.
CS_0570,CAR_001,SK_00414,Critical,Yes,No,Writing computer programs that are used to do shading in 3D scenes.
CS_0571,CAR_001,SK_00360,Medium,Yes,Yes,"General-purpose programming language widely used for AI, machine learning, and backend development."
CS_0572,CAR_001,SK_00198,High,Yes,No,Understanding of graphics processing unit design and optimization techniques.
CS_0573,CAR_001,SK_00475,Medium,Yes,Yes,Cross-platform game engine developed by Unity Technologies.
CS_0574,CAR_001,SK_00478,Medium,Yes,Yes,3D computer graphics game engine developed by Epic Games.
CS_0575,CAR_122,SK_00429,Critical,Yes,Yes,Object-oriented programming language for writing smart contracts on various blockchain platforms.
CS_0576,CAR_122,SK_00395,High,Yes,Yes,"Multi-paradigm, general-purpose programming language designed for performance and safety."
CS_0577,CAR_122,SK_00420,Critical,Yes,Yes,Self-executing contracts with the terms of the agreement directly written into lines of code.
CS_0578,CAR_122,SK_00164,Critical,Yes,Yes,"Decentralized, open-source blockchain with smart contract functionality."
CS_0579,CAR_122,SK_00066,Critical,Yes,Yes,"Growing list of records, called blocks, that are linked using cryptography."
CS_0580,CAR_122,SK_00143,Critical,Yes,No,System whose components are located on different networked computers.
CS_0581,CAR_122,SK_00105,High,Yes,No,Practice and study of techniques for secure communication in the presence of adversarial behavior.
CS_0582,CAR_122,SK_00240,High,Yes,No,"Core programming language of the Web, used for interactive and dynamic content."
CS_0583,CAR_122,SK_00472,High,Yes,Yes,Strongly typed programming language that builds on JavaScript for larger scale applications.
CS_0584,CAR_122,SK_00501,High,Yes,Yes,Collection of libraries that allow interaction with a local or remote Ethereum node.
CS_0585,CAR_122,SK_00046,Medium,Yes,No,Amazon Web Services cloud computing platform for deploying scalable applications.
CS_0586,CAR_122,SK_00424,Critical,Yes,No,High-level structure of a software system and the discipline of creating such structures.
CS_0587,CAR_044,SK_00240,Critical,Yes,No,"Core programming language of the Web, used for interactive and dynamic content."
CS_0588,CAR_044,SK_00472,High,Yes,Yes,Strongly typed programming language that builds on JavaScript for larger scale applications.
CS_0589,CAR_044,SK_00369,Critical,Yes,Yes,JavaScript library for building user interfaces based on UI components.
CS_0590,CAR_044,SK_00429,Critical,Yes,Yes,Object-oriented programming language for writing smart contracts on various blockchain platforms.
CS_0591,CAR_044,SK_00501,High,Yes,Yes,Collection of libraries that allow interaction with a local or remote Ethereum node.
CS_0592,CAR_044,SK_00165,High,Yes,Yes,Library for interacting with the Ethereum Blockchain and its ecosystem.
CS_0593,CAR_044,SK_00213,High,Yes,No,Fundamental technologies for structuring and styling content on the World Wide Web.
CS_0594,CAR_044,SK_00314,High,Yes,No,JavaScript runtime built on Chrome's V8 engine for executing code server-side.
CS_0595,CAR_044,SK_00189,High,Yes,No,Version control system used for tracking code changes and collaborating on software.
CS_0596,CAR_044,SK_00420,Critical,Yes,Yes,Self-executing contracts with the terms of the agreement directly written into lines of code.
CS_0597,CAR_044,SK_00066,High,Yes,Yes,"Growing list of records, called blocks, that are linked using cryptography."
CS_0598,CAR_048,SK_00424,Critical,Yes,No,High-level structure of a software system and the discipline of creating such structures.
CS_0599,CAR_048,SK_00008,Critical,Yes,No,Project management approaches focusing on iterative development and continuous feedback.
CS_0600,CAR_048,SK_00078,High,Yes,No,Continuous integration and continuous deployment practices for automated software delivery.
CS_0601,CAR_048,SK_00189,High,Yes,No,Version control system used for tracking code changes and collaborating on software.
CS_0602,CAR_048,SK_00046,High,Yes,No,Amazon Web Services cloud computing platform for deploying scalable applications.
CS_0603,CAR_048,SK_00425,Critical,Yes,No,"Process for planning, creating, testing, and deploying an information system."
CS_0604,CAR_048,SK_00360,Medium,Yes,Yes,"General-purpose programming language widely used for AI, machine learning, and backend development."
CS_0605,CAR_048,SK_00435,Medium,Yes,No,"Query language used to store, retrieve, and analyze structured data in databases."
CS_0606,CAR_048,SK_00351,Critical,Yes,No,Practice of leading the work of a team to achieve goals and meet success criteria.
CS_0607,CAR_048,SK_00086,Critical,Yes,No,Systematic examination of computer source code intended to find mistakes overlooked in development.
CS_0608,CAR_048,SK_00082,High,Yes,No,"On-demand availability of computer system resources, especially data storage and computing power."
