dependency_id,source_skill_id,source_skill_name,target_skill_id,target_skill_name,relationship,reason,difficulty,domain
DEP_001,SK_00070,C,SK_00073,C++,prerequisite,C provides the foundational procedural programming concepts required to learn object-oriented C++.,Beginner,Programming
DEP_002,SK_00070,C,SK_00395,Rust,recommended_prerequisite,Understanding memory management in C helps developers grasp Rust's ownership and borrowing concepts.,Intermediate,Programming
DEP_003,SK_00212,HTML,SK_00106,CSS,prerequisite,"HTML provides the structure of web pages, which is necessary before applying styles with CSS.",Beginner,Frontend
DEP_004,SK_00106,CSS,SK_00240,JavaScript,prerequisite,CSS styling concepts are often manipulated dynamically using JavaScript.,Beginner,Frontend
DEP_005,SK_00240,JavaScript,SK_00472,TypeScript,strong_prerequisite,"TypeScript is a superset of JavaScript, requiring strong knowledge of core JS mechanics.",Intermediate,Programming
DEP_006,SK_00240,JavaScript,SK_00369,React,strong_prerequisite,React relies heavily on modern JavaScript ES6+ features and asynchronous programming.,Intermediate,Frontend
DEP_007,SK_00240,JavaScript,SK_00492,Vue.js,strong_prerequisite,Vue.js components and reactivity system are built entirely on JavaScript fundamentals.,Intermediate,Frontend
DEP_008,SK_00240,JavaScript,SK_00019,Angular,strong_prerequisite,Angular applications require strong JavaScript logic alongside TypeScript.,Intermediate,Frontend
DEP_009,SK_00369,React,SK_00370,React Native,strong_prerequisite,React Native uses the exact same component-based architecture and hooks as React.,Intermediate,Mobile Development
DEP_010,SK_00448,Swift,SK_00449,SwiftUI,prerequisite,Swift language fundamentals are required before building declarative interfaces with SwiftUI.,Intermediate,Mobile Development
DEP_011,SK_00360,Python,SK_00113,Data Analysis,prerequisite,Python provides the syntax and ecosystem used for scripting data analysis workflows.,Beginner,Analytics
DEP_012,SK_00360,Python,SK_00121,Data Visualization,prerequisite,Python libraries like Matplotlib and Seaborn require basic Python programming skills.,Beginner,Data Science
DEP_013,SK_00360,Python,SK_00264,Machine Learning,strong_prerequisite,Python is the industry standard for implementing data processing and machine learning pipelines.,Intermediate,AI/ML
DEP_014,SK_00270,Mathematics,SK_00264,Machine Learning,strong_prerequisite,"Linear algebra, calculus, and probability are fundamental to understanding ML algorithms.",Intermediate,AI/ML
DEP_015,SK_00010,Algorithms,SK_00264,Machine Learning,recommended_prerequisite,General algorithmic thinking helps in understanding optimization and model training logic.,Intermediate,AI/ML
DEP_016,SK_00264,Machine Learning,SK_00132,Deep Learning,strong_prerequisite,Core ML concepts like loss functions and gradient descent are essential for neural networks.,Advanced,AI/ML
DEP_017,SK_00264,Machine Learning,SK_00398,Scikit-learn,prerequisite,Scikit-Learn is the primary Python library for implementing traditional machine learning models.,Intermediate,AI/ML
DEP_018,SK_00132,Deep Learning,SK_00361,PyTorch,prerequisite,PyTorch is a framework specifically designed to build and train deep neural networks.,Advanced,AI/ML
DEP_019,SK_00132,Deep Learning,SK_00457,TensorFlow,prerequisite,TensorFlow requires an understanding of neural network architectures and tensor operations.,Advanced,AI/ML
DEP_020,SK_00132,Deep Learning,SK_00302,Natural Language Processing,recommended_prerequisite,Modern NLP relies heavily on deep learning architectures like RNNs and Transformers.,Advanced,AI/ML
DEP_021,SK_00132,Deep Learning,SK_00092,Computer Vision,strong_prerequisite,"Deep learning, specifically CNNs, forms the backbone of modern computer vision tasks.",Advanced,AI/ML
DEP_022,SK_00302,Natural Language Processing,SK_00260,LLMs,strong_prerequisite,LLMs are advanced applications of NLP principles like tokenization and semantic understanding.,Advanced,Generative AI
DEP_023,SK_00302,Natural Language Processing,SK_00214,Hugging Face Transformers,prerequisite,Hugging Face provides the tools to implement advanced NLP transformer models.,Advanced,AI/ML
DEP_024,SK_00214,Hugging Face Transformers,SK_00260,LLMs,recommended_prerequisite,Familiarity with transformer models is critical for training and fine-tuning LLMs.,Advanced,Generative AI
DEP_025,SK_00260,LLMs,SK_00354,Prompt Engineering,prerequisite,Understanding how LLMs generate text is necessary to effectively design prompts.,Intermediate,Generative AI
DEP_026,SK_00260,LLMs,SK_00188,Generative AI,strong_prerequisite,LLMs are a foundational technology within the broader Generative AI ecosystem.,Advanced,Generative AI
DEP_027,SK_00482,Vector Databases,SK_00188,Generative AI,recommended_prerequisite,Vector databases are used for RAG (Retrieval-Augmented Generation) in Generative AI apps.,Advanced,Generative AI
DEP_028,SK_00092,Computer Vision,SK_00323,OpenCV,prerequisite,OpenCV is the standard library used to implement computer vision algorithms.,Intermediate,AI/ML
DEP_029,SK_00092,Computer Vision,SK_00222,Image Processing,strong_prerequisite,Image processing techniques are the foundational steps for computer vision pipelines.,Intermediate,AI/ML
DEP_030,SK_00222,Image Processing,SK_00319,Object Detection,prerequisite,Processing images is required before models can detect and classify objects within them.,Advanced,AI/ML
DEP_031,SK_00222,Image Processing,SK_00223,Image Segmentation,prerequisite,Image segmentation relies on advanced pixel-level image processing and classification.,Advanced,AI/ML
DEP_032,SK_00435,SQL,SK_00113,Data Analysis,strong_prerequisite,SQL is essential for querying and extracting the data needed for analysis.,Beginner,Analytics
DEP_033,SK_00435,SQL,SK_00024,Apache Spark,recommended_prerequisite,Spark SQL relies on traditional SQL syntax for distributed data processing.,Intermediate,Data Engineering
DEP_034,SK_00024,Apache Spark,SK_00203,Hadoop,recommended_prerequisite,Spark is often deployed on top of Hadoop's distributed file system (HDFS).,Advanced,Data Engineering
DEP_035,SK_00257,Linux,SK_00189,Git,recommended_prerequisite,Git is heavily used via the Linux command line in professional environments.,Beginner,DevOps
DEP_036,SK_00257,Linux,SK_00145,Docker,strong_prerequisite,Docker containers are fundamentally based on Linux kernel features like cgroups.,Intermediate,DevOps
DEP_037,SK_00145,Docker,SK_00252,Kubernetes,strong_prerequisite,Kubernetes is an orchestration system designed specifically to manage Docker containers.,Advanced,DevOps
DEP_038,SK_00145,Docker,SK_00078,CI/CD,recommended_prerequisite,"Docker ensures consistent environments, which is critical for reliable CI/CD pipelines.",Intermediate,DevOps
DEP_039,SK_00189,Git,SK_00078,CI/CD,strong_prerequisite,CI/CD pipelines are triggered by code changes tracked and merged in Git.,Intermediate,DevOps
DEP_040,SK_00082,Cloud Computing,SK_00046,Amazon Web Services,prerequisite,General cloud concepts must be understood before learning specific AWS services.,Intermediate,Cloud
DEP_041,SK_00082,Cloud Computing,SK_00280,Microsoft Azure,prerequisite,Foundational cloud knowledge applies directly to Azure infrastructure and services.,Intermediate,Cloud
DEP_042,SK_00082,Cloud Computing,SK_00187,GCP,prerequisite,General cloud networking and storage concepts are required to navigate GCP.,Intermediate,Cloud
DEP_043,SK_00046,Amazon Web Services,SK_00252,Kubernetes,recommended_prerequisite,Managed Kubernetes (EKS) requires an understanding of underlying AWS networking.,Advanced,DevOps
DEP_044,SK_00306,Network Troubleshooting,SK_00305,Network Security,strong_prerequisite,Understanding how networks fail and operate is required to secure them effectively.,Intermediate,Cybersecurity
DEP_045,SK_00305,Network Security,SK_00337,Penetration Testing,strong_prerequisite,Network security knowledge is required to identify and exploit network vulnerabilities.,Advanced,Cybersecurity
DEP_046,SK_00305,Network Security,SK_00166,Ethical Hacking,strong_prerequisite,Ethical hacking relies on deep knowledge of network protocols and security flaws.,Advanced,Cybersecurity
DEP_047,SK_00105,Cryptography,SK_00340,PKI,strong_prerequisite,Public Key Infrastructure is entirely built upon cryptographic algorithms and keys.,Advanced,Vulnerability Analysis
DEP_048,SK_00105,Cryptography,SK_00405,Security Protocols,strong_prerequisite,Protocols like TLS/SSL require a solid understanding of cryptographic principles.,Advanced,Vulnerability Analysis
DEP_049,SK_00337,Penetration Testing,SK_00495,Vulnerability Analysis,prerequisite,Penetration testing methodologies are used to systematically analyze vulnerabilities.,Advanced,Cybersecurity
DEP_050,SK_00337,Penetration Testing,SK_00030,Application Security,recommended_prerequisite,Testing applications for exploits provides context for securing them during development.,Advanced,Cybersecurity
DEP_051,SK_00070,C,SK_00156,Embedded C,strong_prerequisite,"Embedded C is an extension of standard C, optimized for hardware constraints.",Intermediate,Embedded Systems
DEP_052,SK_00156,Embedded C,SK_00277,Microcontrollers,strong_prerequisite,Microcontrollers are primarily programmed and configured using Embedded C.,Intermediate,Embedded Systems
DEP_053,SK_00277,Microcontrollers,SK_00035,ARM Architecture,prerequisite,ARM is the dominant architecture used in modern microcontrollers and embedded systems.,Advanced,Embedded Systems
DEP_054,SK_00035,ARM Architecture,SK_00036,ARM Cortex,prerequisite,ARM Cortex processors are specific implementations of the broader ARM architecture.,Advanced,Embedded Systems
DEP_055,SK_00277,Microcontrollers,SK_00394,RTOS,strong_prerequisite,Real-Time Operating Systems are deployed on microcontrollers to manage hardware tasks.,Advanced,Embedded Systems
DEP_056,SK_00277,Microcontrollers,SK_00178,Firmware Development,strong_prerequisite,Firmware is the low-level software written directly for microcontrollers.,Advanced,Embedded Systems
DEP_057,SK_00140,Digital Electronics,SK_00483,Verilog,strong_prerequisite,Verilog is used to model the digital electronic circuits and logic gates.,Intermediate,VLSI
DEP_058,SK_00140,Digital Electronics,SK_00484,VHDL,strong_prerequisite,VHDL is a hardware description language based entirely on digital electronic concepts.,Intermediate,VLSI
DEP_059,SK_00483,Verilog,SK_00452,SystemVerilog,prerequisite,"SystemVerilog is a superset of Verilog, adding advanced verification features.",Advanced,VLSI
DEP_060,SK_00140,Digital Electronics,SK_00181,FPGA,strong_prerequisite,FPGAs are arrays of programmable digital logic blocks that require digital design knowledge.,Intermediate,VLSI
DEP_061,SK_00181,FPGA,SK_00393,RTL Design,strong_prerequisite,Register-Transfer Level design is the abstraction used to program FPGAs.,Advanced,VLSI
DEP_062,SK_00079,Circuit Design,SK_00334,PCB Design,strong_prerequisite,A logical circuit design must be completed before laying out the physical PCB.,Intermediate,VLSI
DEP_063,SK_00334,PCB Design,SK_00011,Altium,prerequisite,Altium Designer is a professional software tool used specifically for PCB design.,Intermediate,VLSI
DEP_064,SK_00105,Cryptography,SK_00066,Blockchain,strong_prerequisite,Blockchain ledgers rely heavily on cryptographic hashes and public-key cryptography.,Intermediate,Blockchain
DEP_065,SK_00066,Blockchain,SK_00064,Bitcoin,prerequisite,Bitcoin is the original and most prominent implementation of blockchain technology.,Intermediate,Blockchain
DEP_066,SK_00066,Blockchain,SK_00429,Solidity,strong_prerequisite,Solidity is used to write smart contracts that execute on blockchain networks.,Intermediate,Blockchain
DEP_067,SK_00429,Solidity,SK_00501,Web3.js,prerequisite,Web3.js is used to interact with the smart contracts written in Solidity.,Intermediate,Blockchain
DEP_068,SK_00429,Solidity,SK_00165,Ethers.js,prerequisite,Ethers.js is a library used to interface with Ethereum and Solidity smart contracts.,Intermediate,Blockchain
DEP_069,SK_00066,Blockchain,SK_00216,Hyperledger,recommended_prerequisite,Hyperledger provides enterprise blockchain frameworks requiring core blockchain knowledge.,Advanced,Blockchain
DEP_070,SK_00480,User Research,SK_00506,Wireframing,recommended_prerequisite,User research provides the insights needed to sketch effective wireframes.,Beginner,UI/UX
DEP_071,SK_00506,Wireframing,SK_00356,Prototyping,prerequisite,Wireframes serve as the structural blueprint before building interactive prototypes.,Intermediate,UI/UX
DEP_072,SK_00356,Prototyping,SK_00176,Figma,prerequisite,Figma is the industry-standard software tool used to create UI prototypes.,Intermediate,UI/UX
DEP_073,SK_00356,Prototyping,SK_00007,Adobe XD,prerequisite,Adobe XD is a vector-based tool used specifically for designing and prototyping user experiences.,Intermediate,UI/UX
DEP_074,SK_00002,3D Modeling,SK_00065,Blender,prerequisite,Blender is a software suite used to execute 3D modeling and animation tasks.,Intermediate,Game Design
DEP_075,SK_00002,3D Modeling,SK_00475,Unity,recommended_prerequisite,3D models are essential assets imported into Unity for game development.,Intermediate,AR/VR
DEP_076,SK_00002,3D Modeling,SK_00478,Unreal Engine,recommended_prerequisite,High-quality 3D models are required to build environments in Unreal Engine.,Intermediate,AR/VR
DEP_077,SK_00073,C++,SK_00478,Unreal Engine,strong_prerequisite,Unreal Engine relies on C++ for advanced game logic and performance optimization.,Advanced,AR/VR
DEP_078,SK_00360,Python,SK_00144,Django,strong_prerequisite,Python is the underlying language used to build applications with the Django framework.,Intermediate,Backend Development
DEP_079,SK_00360,Python,SK_00174,FastAPI,strong_prerequisite,FastAPI is a modern Python web framework requiring strong knowledge of Python type hints.,Intermediate,Backend Development
DEP_080,SK_00435,SQL,SK_00436,SQLAlchemy,recommended_prerequisite,Understanding raw SQL helps developers use the SQLAlchemy ORM more effectively.,Intermediate,Backend Development
DEP_081,SK_00239,Java,SK_00434,Spring Boot,strong_prerequisite,Spring Boot is a Java-based framework requiring a solid understanding of Java enterprise concepts.,Intermediate,Backend Development
DEP_082,SK_00239,Java,SK_00271,Maven,recommended_prerequisite,Java applications typically rely on Maven for dependency management and build automation.,Beginner,Backend Development
DEP_083,SK_00434,Spring Boot,SK_00279,Microservices,recommended_prerequisite,Spring Boot provides the tools necessary to develop and deploy independent microservices.,Advanced,Architecture
DEP_084,SK_00240,JavaScript,SK_00314,Node.js,strong_prerequisite,Node.js is a runtime environment that executes JavaScript code outside a web browser.,Intermediate,Backend Development
DEP_085,SK_00314,Node.js,SK_00173,Express.js,strong_prerequisite,Express.js is a minimal and flexible Node.js web application framework.,Intermediate,Backend Development
DEP_086,SK_00173,Express.js,SK_00382,REST APIs,prerequisite,Express.js is commonly used to design and route RESTful APIs.,Intermediate,Backend Development
DEP_087,SK_00213,HTML/CSS,SK_00396,Sass,prerequisite,Sass is a preprocessor scripting language that is compiled into standard CSS.,Beginner,Frontend Development
DEP_088,SK_00213,HTML/CSS,SK_00454,Tailwind CSS,prerequisite,Tailwind CSS is a utility-first framework that requires foundational CSS knowledge to customize.,Intermediate,Frontend Development
DEP_089,SK_00369,React,SK_00310,Next.js,strong_prerequisite,Next.js is a React framework that extends React with server-side rendering and routing.,Intermediate,Frontend Development
DEP_090,SK_00369,React,SK_00375,Redux,recommended_prerequisite,Redux is a predictable state container frequently used alongside React for state management.,Intermediate,Frontend Development
DEP_091,SK_00492,Vue.js,SK_00493,Vuex,recommended_prerequisite,Vuex is the state management pattern and library tailored specifically for Vue.js applications.,Intermediate,Frontend Development
DEP_092,SK_00492,Vue.js,SK_00317,Nuxt.js,strong_prerequisite,Nuxt.js is a high-level framework built on top of Vue.js for server-side rendering.,Intermediate,Frontend Development
DEP_093,SK_00240,JavaScript,SK_00149,DOM Manipulation,strong_prerequisite,JavaScript is required to interact with and dynamically update the Document Object Model.,Beginner,Frontend Development
DEP_094,SK_00443,Statistics,SK_00217,Hypothesis Testing,strong_prerequisite,Hypothesis testing is a core statistical method used to infer results from sample data.,Intermediate,Data Science
DEP_095,SK_00443,Statistics,SK_00003,A/B Testing,strong_prerequisite,A/B testing relies entirely on statistical significance and hypothesis testing principles.,Intermediate,Data Science
DEP_096,SK_00331,Pandas,SK_00175,Feature Engineering,strong_prerequisite,Pandas is the primary tool used to manipulate datasets and create new features for models.,Intermediate,Data Science
DEP_097,SK_00121,Data Visualization,SK_00453,Tableau,prerequisite,General data visualization concepts are required to build effective dashboards in Tableau.,Beginner,Analytics
DEP_098,SK_00121,Data Visualization,SK_00345,Power BI,prerequisite,Understanding how to represent data visually is essential before using Power BI tools.,Beginner,Analytics
DEP_099,SK_00360,Python,SK_00399,SciPy,prerequisite,SciPy is a scientific computation library built on top of the Python programming language.,Intermediate,Data Science
DEP_100,SK_00264,Machine Learning,SK_00511,XGBoost,prerequisite,XGBoost is an advanced gradient boosting algorithm requiring core machine learning knowledge.,Advanced,AI/ML
DEP_101,SK_00264,Machine Learning,SK_00366,Random Forests,prerequisite,Random Forests are ensemble learning methods based on foundational decision tree concepts.,Intermediate,AI/ML
DEP_102,SK_00457,TensorFlow,SK_00248,Keras,recommended_prerequisite,Keras acts as a high-level neural networks API running on top of TensorFlow.,Intermediate,AI/ML
DEP_103,SK_00260,LLMs,SK_00254,LangChain,strong_prerequisite,LangChain is a framework designed specifically to develop applications powered by language models.,Advanced,Generative AI
DEP_104,SK_00260,LLMs,SK_00258,LlamaIndex,strong_prerequisite,LlamaIndex provides data frameworks specifically for connecting custom data sources to LLMs.,Advanced,Generative AI
DEP_105,SK_00132,Deep Learning,SK_00186,GANs,strong_prerequisite,Generative Adversarial Networks require deep understanding of neural network architectures and loss optimization.,Advanced,Generative AI
DEP_106,SK_00302,Natural Language Processing,SK_00508,Word Embeddings,strong_prerequisite,Word embeddings are foundational NLP techniques used to represent text as numerical vectors.,Intermediate,AI/ML
DEP_107,SK_00435,SQL,SK_00117,Data Modeling,recommended_prerequisite,Understanding how data is queried helps engineers design better relational data models.,Intermediate,Data Engineering
DEP_108,SK_00167,ETL,SK_00022,Apache Airflow,strong_prerequisite,Apache Airflow is a platform used to programmatically author and schedule ETL workflows.,Advanced,Data Engineering
DEP_109,SK_00122,Data Warehousing,SK_00421,Snowflake,strong_prerequisite,Snowflake is a cloud data warehouse requiring knowledge of data warehousing architecture.,Intermediate,Data Engineering
DEP_110,SK_00122,Data Warehousing,SK_00063,BigQuery,strong_prerequisite,BigQuery is a serverless data warehouse requiring foundational data storage and querying concepts.,Intermediate,Data Engineering
DEP_111,SK_00122,Data Warehousing,SK_00015,Amazon Redshift,strong_prerequisite,Amazon Redshift requires an understanding of columnar storage and data warehouse optimization.,Intermediate,Data Engineering
DEP_112,SK_00024,Apache Spark,SK_00128,Databricks,strong_prerequisite,Databricks is a unified analytics platform built heavily around Apache Spark clusters.,Intermediate,Data Engineering
DEP_113,SK_00360,Python,SK_00358,PySpark,strong_prerequisite,"PySpark is the Python API for Apache Spark, requiring strong Python programming skills.",Intermediate,Data Engineering
DEP_114,SK_00046,Amazon Web Services,SK_00048,AWS EC2,prerequisite,Understanding the AWS ecosystem is required before provisioning EC2 virtual servers.,Beginner,Cloud
DEP_115,SK_00046,Amazon Web Services,SK_00051,AWS S3,prerequisite,AWS S3 is the foundational object storage service within the Amazon Web Services ecosystem.,Beginner,Cloud
DEP_116,SK_00046,Amazon Web Services,SK_00050,AWS Lambda,recommended_prerequisite,AWS Lambda is a serverless compute service requiring general AWS architecture knowledge.,Intermediate,Cloud
DEP_117,SK_00046,Amazon Web Services,SK_00049,AWS IAM,strong_prerequisite,Identity and Access Management is critical for securing all other AWS cloud services.,Intermediate,Cloud
DEP_118,SK_00046,Amazon Web Services,SK_00014,Amazon RDS,prerequisite,Relational Database Service requires understanding of AWS networking and storage concepts.,Intermediate,Cloud
DEP_119,SK_00280,Microsoft Azure,SK_00058,Azure Virtual Machines,prerequisite,Foundational Azure knowledge is needed to deploy and manage Azure VMs.,Beginner,Cloud
DEP_120,SK_00280,Microsoft Azure,SK_00054,Azure Blob Storage,prerequisite,Blob Storage is Azure's object storage solution requiring basic cloud concepts.,Beginner,Cloud
DEP_121,SK_00280,Microsoft Azure,SK_00057,Azure Functions,recommended_prerequisite,Azure Functions provide serverless compute capabilities within the Azure cloud environment.,Intermediate,Cloud
DEP_122,SK_00280,Microsoft Azure,SK_00053,Azure Active Directory,strong_prerequisite,Azure AD is the foundational identity and access management service for Azure.,Intermediate,Cloud
DEP_123,SK_00187,GCP,SK_00195,Google Compute Engine,prerequisite,Google Compute Engine is the primary IaaS offering within the Google Cloud Platform.,Beginner,Cloud
DEP_124,SK_00187,GCP,SK_00194,Google Cloud Storage,prerequisite,GCS is the unified object storage service for developers and enterprises on GCP.,Beginner,Cloud
DEP_125,SK_00187,GCP,SK_00196,Google Kubernetes Engine,strong_prerequisite,GKE requires understanding of both GCP infrastructure and Kubernetes orchestration.,Advanced,Cloud
DEP_126,SK_00257,Linux,SK_00061,Bash Scripting,strong_prerequisite,Bash scripting requires a fundamental understanding of Linux commands and file systems.,Intermediate,DevOps
DEP_127,SK_00061,Bash Scripting,SK_00045,Automation,recommended_prerequisite,Bash scripts are commonly used as the first step in automating system administration tasks.,Intermediate,DevOps
DEP_128,SK_00189,Git,SK_00190,GitHub Actions,strong_prerequisite,GitHub Actions automate workflows directly based on Git repository events and triggers.,Intermediate,DevOps
DEP_129,SK_00078,CI/CD,SK_00241,Jenkins,prerequisite,Jenkins is an open-source automation server used to implement CI/CD pipelines.,Intermediate,DevOps
DEP_130,SK_00078,CI/CD,SK_00191,GitLab CI,prerequisite,GitLab CI is a continuous integration tool built directly into GitLab repositories.,Intermediate,DevOps
DEP_131,SK_00082,Cloud Computing,SK_00458,Terraform,strong_prerequisite,"Terraform provisions cloud infrastructure, requiring knowledge of how cloud resources operate.",Intermediate,DevOps
DEP_132,SK_00458,Terraform,SK_00229,Infrastructure as Code,strong_prerequisite,Terraform is the leading tool used to implement Infrastructure as Code methodologies.,Advanced,DevOps
DEP_133,SK_00252,Kubernetes,SK_00209,Helm,recommended_prerequisite,"Helm acts as a package manager for Kubernetes, requiring K8s architecture knowledge.",Intermediate,DevOps
DEP_134,SK_00252,Kubernetes,SK_00352,Prometheus,recommended_prerequisite,Prometheus is widely used for monitoring Kubernetes clusters and requires K8s networking knowledge.,Advanced,DevOps
DEP_135,SK_00352,Prometheus,SK_00199,Grafana,recommended_prerequisite,Grafana is commonly used to visualize the time-series metrics collected by Prometheus.,Intermediate,DevOps
DEP_136,SK_00257,Linux,SK_00247,Kali Linux,strong_prerequisite,Kali Linux is a Debian-derived Linux distribution designed for digital forensics and penetration testing.,Intermediate,Cybersecurity
DEP_137,SK_00306,Network Troubleshooting,SK_00507,Wireshark,strong_prerequisite,Wireshark is a network protocol analyzer that requires understanding of network traffic and packets.,Intermediate,Cybersecurity
DEP_138,SK_00166,Ethical Hacking,SK_00068,Burp Suite,strong_prerequisite,Burp Suite is a graphical tool for testing Web application security used by ethical hackers.,Intermediate,Cybersecurity
DEP_139,SK_00305,Network Security,SK_00177,Firewalls,prerequisite,Firewalls are foundational network security devices that monitor and filter network traffic.,Beginner,Cybersecurity
DEP_140,SK_00337,Penetration Testing,SK_00276,Metasploit,strong_prerequisite,Metasploit is a penetration testing framework that requires understanding of exploit methodologies.,Advanced,Cybersecurity
DEP_141,SK_00305,Network Security,SK_00232,Intrusion Detection Systems,strong_prerequisite,IDS monitors network traffic for malicious activity and requires strong network security knowledge.,Advanced,Cybersecurity
DEP_142,SK_00030,Application Security,SK_00330,OWASP Top 10,strong_prerequisite,The OWASP Top 10 is the standard awareness document for developers regarding application security.,Intermediate,Cybersecurity
DEP_143,SK_00448,Swift,SK_00234,IOS Development,strong_prerequisite,Swift is the primary programming language used to develop applications for Apple's iOS platform.,Intermediate,Mobile Development
DEP_144,SK_00249,Kotlin,SK_00017,Android Development,strong_prerequisite,"Kotlin is the modern, preferred programming language for building Android mobile applications.",Intermediate,Mobile Development
DEP_145,SK_00239,Java,SK_00017,Android Development,recommended_prerequisite,Java is a legacy but still widely used language for Android mobile application development.,Intermediate,Mobile Development
DEP_146,SK_00240,JavaScript,SK_00370,React Native,strong_prerequisite,React Native allows developers to build mobile apps using JavaScript and React concepts.,Intermediate,Mobile Development
DEP_147,SK_00111,Dart,SK_00180,Flutter,strong_prerequisite,Dart is the programming language required to build cross-platform applications using the Flutter framework.,Intermediate,Mobile Development
DEP_148,SK_00234,IOS Development,SK_00099,Core Data,recommended_prerequisite,Core Data is the framework used to manage the model layer objects in iOS applications.,Advanced,Mobile Development
DEP_149,SK_00017,Android Development,SK_00390,Room Database,recommended_prerequisite,Room provides an abstraction layer over SQLite to allow fluent database access in Android.,Intermediate,Mobile Development
DEP_150,SK_00320,Object-Oriented Programming,SK_00136,Design Patterns,strong_prerequisite,Design patterns provide reusable solutions to common problems in object-oriented software design.,Intermediate,Software Engineering
DEP_151,SK_00136,Design Patterns,SK_00450,System Design,recommended_prerequisite,Understanding small-scale design patterns helps architects design large-scale distributed systems.,Advanced,Architecture
DEP_152,SK_00450,System Design,SK_00279,Microservices,strong_prerequisite,Microservices architecture requires a deep understanding of distributed system design and trade-offs.,Advanced,Architecture
DEP_153,SK_00424,Software Architecture,SK_00150,Domain-Driven Design,recommended_prerequisite,DDD is an architectural approach that centers the software design on the business domain.,Advanced,Architecture
DEP_154,SK_00424,Software Architecture,SK_00169,Event-Driven Architecture,recommended_prerequisite,Event-driven architecture is a software design pattern where decoupled applications asynchronously publish and subscribe to events.,Advanced,Architecture
DEP_155,SK_00382,REST APIs,SK_00026,API Gateway,recommended_prerequisite,"An API Gateway manages, routes, and secures traffic to backend RESTful APIs.",Intermediate,Architecture
DEP_156,SK_00426,Software Testing,SK_00044,Automated Testing,strong_prerequisite,Foundational testing concepts must be understood before writing scripts to automate them.,Intermediate,Testing
DEP_157,SK_00044,Automated Testing,SK_00407,Selenium,prerequisite,Selenium is a widely used framework for automating web browser testing.,Intermediate,Testing
DEP_158,SK_00044,Automated Testing,SK_00110,Cypress,prerequisite,Cypress is a modern frontend testing tool built for the modern web.,Intermediate,Testing
DEP_159,SK_00239,Java,SK_00245,JUnit,strong_prerequisite,JUnit is a unit testing framework for the Java programming language.,Intermediate,Testing
DEP_160,SK_00360,Python,SK_00359,PyTest,strong_prerequisite,PyTest is a testing framework based on Python requiring knowledge of Python syntax.,Intermediate,Testing
DEP_161,SK_00044,Automated Testing,SK_00029,Appium,recommended_prerequisite,"Appium is an open-source test automation framework for use with native, hybrid, and mobile web apps.",Advanced,Testing
DEP_162,SK_00435,SQL,SK_00343,PostgreSQL,prerequisite,PostgreSQL is an advanced relational database that uses and extends the SQL language.,Intermediate,Database
DEP_163,SK_00435,SQL,SK_00300,MySQL,prerequisite,MySQL is a widely used open-source relational database management system based on SQL.,Intermediate,Database
DEP_164,SK_00435,SQL,SK_00326,Oracle Database,prerequisite,Oracle Database is an enterprise multi-model database management system relying on SQL.,Advanced,Database
DEP_165,SK_00315,NoSQL,SK_00292,MongoDB,strong_prerequisite,MongoDB is a document-oriented database classified as a NoSQL database program.,Intermediate,Database
DEP_166,SK_00315,NoSQL,SK_00374,Redis,recommended_prerequisite,Redis is an in-memory data structure store that operates outside traditional relational NoSQL paradigms.,Intermediate,Database
DEP_167,SK_00315,NoSQL,SK_00077,Cassandra,strong_prerequisite,"Apache Cassandra is a highly scalable, distributed NoSQL database designed to handle large amounts of data.",Advanced,Database
DEP_168,SK_00315,NoSQL,SK_00154,DynamoDB,strong_prerequisite,Amazon DynamoDB is a fully managed proprietary NoSQL database service provided by AWS.,Intermediate,Database
DEP_169,SK_00156,Embedded C,SK_00032,Arduino,recommended_prerequisite,Arduino microcontrollers are primarily programmed using a variant of C/C++.,Beginner,Embedded Systems
DEP_170,SK_00257,Linux,SK_00367,Raspberry Pi,recommended_prerequisite,Raspberry Pi devices typically run Linux-based operating systems like Raspberry Pi OS.,Beginner,IoT
DEP_171,SK_00257,Linux,SK_00157,Embedded Linux,strong_prerequisite,Embedded Linux involves customizing the Linux kernel and user space for embedded devices.,Advanced,Embedded Systems
DEP_172,SK_00308,Networking Protocols,SK_00295,MQTT,strong_prerequisite,MQTT is a lightweight messaging protocol designed specifically for IoT and networking devices.,Intermediate,IoT
DEP_173,SK_00277,Microcontrollers,SK_00408,Sensor Integration,strong_prerequisite,Integrating sensors requires knowledge of how microcontrollers handle analog and digital inputs.,Intermediate,IoT
DEP_174,SK_00105,Cryptography,SK_00208,Hashing Algorithms,strong_prerequisite,Hashing is a fundamental cryptographic concept used for data integrity and password storage.,Intermediate,Cybersecurity
DEP_175,SK_00429,Solidity,SK_00419,Smart Contract Security,strong_prerequisite,Writing secure smart contracts requires deep knowledge of Solidity vulnerabilities and exploits.,Advanced,Blockchain
DEP_176,SK_00066,Blockchain,SK_00094,Consensus Mechanisms,strong_prerequisite,Consensus mechanisms like Proof of Work and Proof of Stake are core to blockchain operation.,Advanced,Blockchain
DEP_177,SK_00066,Blockchain,SK_00133,DeFi,recommended_prerequisite,Decentralized Finance applications are built entirely on top of blockchain networks and smart contracts.,Advanced,Blockchain
DEP_178,SK_00480,User Research,SK_00479,Usability Testing,strong_prerequisite,Usability testing is a technique used in user-centered interaction design to evaluate a product.,Intermediate,UI/UX
DEP_179,SK_00506,Wireframing,SK_00226,Information Architecture,recommended_prerequisite,Information architecture organizes content logically before wireframes are drawn.,Intermediate,UI/UX
DEP_180,SK_00356,Prototyping,SK_00230,Interaction Design,strong_prerequisite,Interaction design focuses on creating engaging interfaces with well-thought-out behaviors and prototypes.,Intermediate,UI/UX
DEP_181,SK_00176,Figma,SK_00137,Design Systems,recommended_prerequisite,Design systems are comprehensive libraries of reusable components often built and maintained in Figma.,Advanced,UI/UX
DEP_182,SK_00073,C++,SK_00185,Game Physics,recommended_prerequisite,C++ is heavily used to write high-performance game physics engines.,Advanced,Game Development
DEP_183,SK_00475,Unity,SK_00072,C# Scripting,strong_prerequisite,C# is the primary programming language used to write scripts and logic in the Unity game engine.,Intermediate,Game Development
DEP_184,SK_00478,Unreal Engine,SK_00067,Blueprints,prerequisite,Blueprints is the visual scripting system used extensively within Unreal Engine.,Beginner,Game Development
DEP_185,SK_00360,Python,SK_00119,Data Scraping,recommended_prerequisite,Python libraries like Beautiful Soup and Scrapy are standard tools for extracting web data.,Intermediate,Data Engineering
DEP_186,SK_00119,Data Scraping,SK_00114,Data Cleaning,strong_prerequisite,Scraped data is inherently messy and requires extensive cleaning before analysis.,Intermediate,Data Science
DEP_187,SK_00240,JavaScript,SK_00503,WebSockets,recommended_prerequisite,"WebSockets provide full-duplex communication channels over a single TCP connection, often implemented in JS.",Intermediate,Web Development
DEP_188,SK_00314,Node.js,SK_00423,Socket.io,strong_prerequisite,"Socket.io is a library that enables real-time, bidirectional communication for Node.js applications.",Intermediate,Web Development
DEP_189,SK_00382,REST APIs,SK_00344,Postman,recommended_prerequisite,"Postman is an API platform used by developers to build, test, and design REST APIs.",Beginner,Web Development
DEP_190,SK_00450,System Design,SK_00261,Load Balancing,strong_prerequisite,Load balancing is a core system design concept for distributing network traffic across servers.,Advanced,Architecture
DEP_191,SK_00450,System Design,SK_00074,Caching Strategies,strong_prerequisite,Caching is essential in system design to improve application performance and reduce database load.,Advanced,Architecture
DEP_192,SK_00374,Redis,SK_00074,Caching Strategies,recommended_prerequisite,Redis is widely used to implement in-memory caching strategies for web applications.,Intermediate,Architecture
DEP_193,SK_00078,CI/CD,SK_00033,ArgoCD,recommended_prerequisite,"ArgoCD is a declarative, GitOps continuous delivery tool specifically for Kubernetes.",Advanced,DevOps
DEP_194,SK_00252,Kubernetes,SK_00033,ArgoCD,strong_prerequisite,ArgoCD manages application deployments natively within Kubernetes clusters.,Advanced,DevOps
DEP_195,SK_00229,Infrastructure as Code,SK_00021,Ansible,recommended_prerequisite,"Ansible is an open-source software provisioning, configuration management, and application-deployment tool.",Intermediate,DevOps
DEP_196,SK_00257,Linux,SK_00021,Ansible,strong_prerequisite,Ansible relies heavily on SSH and Linux command execution to manage remote servers.,Intermediate,DevOps
DEP_197,SK_00337,Penetration Testing,SK_00313,Nmap,prerequisite,Nmap is a foundational network scanning tool used during the reconnaissance phase of penetration testing.,Beginner,Cybersecurity
DEP_198,SK_00166,Ethical Hacking,SK_00422,Social Engineering,recommended_prerequisite,"Social engineering targets human vulnerabilities, which is a critical aspect of comprehensive ethical hacking.",Intermediate,Cybersecurity
DEP_199,SK_00305,Network Security,SK_00490,VPN Technologies,strong_prerequisite,Virtual Private Networks are core network security tools used to encrypt traffic over untrusted networks.,Intermediate,Cybersecurity
DEP_200,SK_00094,Consensus Mechanisms,SK_00355,Proof of Stake,strong_prerequisite,"Proof of Stake is a specific, widely used consensus mechanism in modern blockchain networks.",Advanced,Blockchain
DEP_201,SK_00429,Solidity,SK_00204,Hardhat,recommended_prerequisite,"Hardhat is a development environment to compile, deploy, test, and debug Ethereum software written in Solidity.",Intermediate,Blockchain
DEP_202,SK_00320,Object-Oriented Programming,SK_00428,SOLID Principles,strong_prerequisite,SOLID principles are five design guidelines intended to make object-oriented designs more understandable and flexible.,Intermediate,Software Engineering
DEP_203,SK_00136,Design Patterns,SK_00299,MVC Architecture,strong_prerequisite,Model-View-Controller is a foundational architectural pattern used in software engineering.,Intermediate,Software Engineering
DEP_204,SK_00240,JavaScript,SK_00244,JSON,prerequisite,JavaScript Object Notation is the standard data interchange format derived from JavaScript.,Beginner,Web Development
DEP_205,SK_00244,JSON,SK_00382,REST APIs,strong_prerequisite,REST APIs predominantly use JSON to format and transmit data payloads between client and server.,Beginner,Web Development
DEP_206,SK_00213,HTML/CSS,SK_00497,Web Accessibility (a11y),strong_prerequisite,Understanding HTML semantics is critical to building web applications accessible to users with disabilities.,Intermediate,Frontend Development
DEP_207,SK_00240,JavaScript,SK_00502,Webpack,recommended_prerequisite,Webpack is a static module bundler for modern JavaScript applications.,Intermediate,Frontend Development
DEP_208,SK_00369,React,SK_00371,React Router,strong_prerequisite,React Router is the standard routing library used to navigate between views in React applications.,Intermediate,Frontend Development
DEP_209,SK_00360,Python,SK_00246,Jupyter Notebooks,prerequisite,Jupyter Notebooks provide an interactive web-based environment for running Python code.,Beginner,Data Science
DEP_210,SK_00246,Jupyter Notebooks,SK_00113,Data Analysis,recommended_prerequisite,Jupyter is the industry-standard environment used by data analysts to explore datasets.,Beginner,Analytics
DEP_211,SK_00435,SQL,SK_00504,Window Functions,strong_prerequisite,Window functions are advanced SQL operations used to perform calculations across sets of table rows.,Advanced,Database
DEP_212,SK_00435,SQL,SK_00125,Database Indexing,strong_prerequisite,Indexing is a database optimization technique requiring strong knowledge of how SQL queries execute.,Advanced,Database
DEP_213,SK_00343,PostgreSQL,SK_00342,PostGIS,recommended_prerequisite,PostGIS is a spatial database extender for PostgreSQL allowing location queries.,Advanced,Database
DEP_214,SK_00046,Amazon Web Services,SK_00013,Amazon DynamoDB,recommended_prerequisite,DynamoDB is AWS's proprietary NoSQL database requiring AWS ecosystem knowledge.,Intermediate,Cloud
DEP_215,SK_00046,Amazon Web Services,SK_00047,AWS CloudFormation,recommended_prerequisite,CloudFormation provides infrastructure as code specifically tailored to the AWS cloud.,Advanced,Cloud
DEP_216,SK_00280,Microsoft Azure,SK_00056,Azure DevOps,recommended_prerequisite,"Azure DevOps provides developer services for support teams to plan work, collaborate, and build.",Intermediate,Cloud
DEP_217,SK_00187,GCP,SK_00063,BigQuery,recommended_prerequisite,"BigQuery is Google's fully managed, serverless data warehouse requiring GCP knowledge.",Intermediate,Cloud
DEP_218,SK_00045,Automation,SK_00102,Cron Jobs,prerequisite,Cron is a time-based job scheduler in Unix-like operating systems used for basic automation.,Beginner,DevOps
DEP_219,SK_00145,Docker,SK_00146,Docker Compose,strong_prerequisite,Docker Compose is a tool for defining and running multi-container Docker applications.,Intermediate,DevOps
DEP_220,SK_00145,Docker,SK_00095,Container Registry,prerequisite,Container registries are used to store and distribute the Docker images built by developers.,Beginner,DevOps
DEP_221,SK_00252,Kubernetes,SK_00238,Istio,recommended_prerequisite,Istio is a service mesh that provides traffic management and security for Kubernetes microservices.,Advanced,DevOps
DEP_222,SK_00276,Metasploit,SK_00172,Exploit Development,strong_prerequisite,Exploit development is an advanced cybersecurity skill that builds upon penetration testing frameworks.,Advanced,Cybersecurity
DEP_223,SK_00105,Cryptography,SK_00392,RSA Algorithm,strong_prerequisite,RSA is a public-key cryptosystem that relies heavily on advanced mathematical cryptography.,Advanced,Cybersecurity
DEP_224,SK_00030,Application Security,SK_00441,Static Code Analysis,recommended_prerequisite,Static analysis tools examine source code before a program is run to find security vulnerabilities.,Intermediate,Cybersecurity
DEP_225,SK_00448,Swift,SK_00510,Xcode,prerequisite,Xcode is Apple's integrated development environment for macOS used to write Swift applications.,Beginner,Mobile Development
DEP_226,SK_00249,Kotlin,SK_00018,Android Studio,prerequisite,Android Studio is the official integrated development environment for Google's Android operating system.,Beginner,Mobile Development
DEP_227,SK_00017,Android Development,SK_00242,Jetpack Compose,recommended_prerequisite,Jetpack Compose is Android's modern toolkit for building native UI using declarative functions.,Intermediate,Mobile Development
DEP_228,SK_00180,Flutter,SK_00357,Provider/Riverpod,recommended_prerequisite,Provider and Riverpod are standard state management solutions used in Flutter applications.,Intermediate,Mobile Development
DEP_229,SK_00450,System Design,SK_00275,Message Queues,strong_prerequisite,Message queues like RabbitMQ or Kafka are used in system design to decouple distributed services.,Advanced,Architecture
DEP_230,SK_00275,Message Queues,SK_00023,Apache Kafka,strong_prerequisite,Kafka is a distributed event streaming platform based on advanced message queue concepts.,Advanced,Data Engineering
DEP_231,SK_00275,Message Queues,SK_00364,RabbitMQ,strong_prerequisite,RabbitMQ is a widely used open-source message broker software.,Intermediate,Architecture
DEP_232,SK_00044,Automated Testing,SK_00459,Test-Driven Development,recommended_prerequisite,TDD is a software development process relying on software requirements being converted to test cases.,Advanced,Software Engineering
DEP_233,SK_00044,Automated Testing,SK_00062,Behavior-Driven Development,recommended_prerequisite,BDD is an agile software development process that encourages collaboration between developers and QA.,Advanced,Software Engineering
DEP_234,SK_00407,Selenium,SK_00107,Cucumber,recommended_prerequisite,"Cucumber is a tool that supports Behavior-Driven Development, often used alongside Selenium.",Intermediate,Testing
DEP_235,SK_00315,NoSQL,SK_00200,Graph Databases,strong_prerequisite,Graph databases like Neo4j are specialized NoSQL databases focused on data relationships.,Advanced,Database
DEP_236,SK_00200,Graph Databases,SK_00303,Neo4j,strong_prerequisite,Neo4j is the most popular native graph database management system.,Advanced,Database
DEP_237,SK_00315,NoSQL,SK_00148,Document Databases,prerequisite,Document databases are a primary category of NoSQL databases designed to store JSON-like documents.,Beginner,Database
DEP_238,SK_00277,Microcontrollers,SK_00218,I2C/SPI Protocols,strong_prerequisite,I2C and SPI are synchronous serial communication protocols used to attach peripherals to microcontrollers.,Intermediate,Embedded Systems
DEP_239,SK_00277,Microcontrollers,SK_00473,UART,strong_prerequisite,UART is a hardware communication protocol that uses asynchronous serial communication.,Intermediate,Embedded Systems
DEP_240,SK_00157,Embedded Linux,SK_00513,Yocto Project,strong_prerequisite,The Yocto Project is an open-source collaboration project that helps developers create custom Linux-based systems.,Advanced,Embedded Systems
DEP_241,SK_00066,Blockchain,SK_00104,Cryptoeconomics,recommended_prerequisite,Cryptoeconomics combines cryptography and economics to design robust decentralized networks.,Advanced,Blockchain
DEP_242,SK_00429,Solidity,SK_00162,ERC-20 Tokens,strong_prerequisite,ERC-20 is the technical standard for smart contracts implementing fungible tokens on Ethereum.,Intermediate,Blockchain
DEP_243,SK_00429,Solidity,SK_00163,ERC-721 Tokens (NFTs),strong_prerequisite,ERC-721 is the standard for representing ownership of non-fungible tokens on the Ethereum blockchain.,Intermediate,Blockchain
DEP_244,SK_00480,User Research,SK_00338,Persona Development,recommended_prerequisite,Personas are fictional characters created based on user research to represent different user types.,Beginner,UI/UX
DEP_245,SK_00356,Prototyping,SK_00278,Microinteractions,recommended_prerequisite,Microinteractions are subtle animations and design elements that enhance the user experience.,Intermediate,UI/UX
DEP_246,SK_00176,Figma,SK_00043,Auto Layout,strong_prerequisite,Auto Layout is a Figma feature that allows designs to dynamically adapt to different screen sizes.,Intermediate,UI/UX
DEP_247,SK_00002,3D Modeling,SK_00481,UV Mapping,strong_prerequisite,UV mapping is the 3D modeling process of projecting a 2D image to a 3D model's surface.,Intermediate,Game Design
DEP_248,SK_00002,3D Modeling,SK_00384,Rigging,strong_prerequisite,Rigging is the process of creating a skeletal structure for a 3D model to allow for animation.,Advanced,Game Design
DEP_249,SK_00475,Unity,SK_00477,Unity UI (uGUI),recommended_prerequisite,Unity UI is the primary system used to create user interfaces within Unity games.,Intermediate,Game Development
DEP_250,SK_00478,Unreal Engine,SK_00269,Material Editor,recommended_prerequisite,The Material Editor is a node-based interface used to create shaders and materials in Unreal.,Intermediate,Game Development
DEP_251,SK_00264,Machine Learning,SK_00288,Model Deployment,strong_prerequisite,Model deployment is the engineering process of integrating a machine learning model into a production environment.,Advanced,MLOps
DEP_252,SK_00288,Model Deployment,SK_00282,MLOps,strong_prerequisite,"MLOps encompasses the entire lifecycle of deploying, monitoring, and maintaining ML models.",Advanced,MLOps
DEP_253,SK_00360,Python,SK_00179,Flask,strong_prerequisite,Flask is a lightweight WSGI web application framework written in Python.,Intermediate,Backend Development
DEP_254,SK_00179,Flask,SK_00382,REST APIs,prerequisite,Flask is highly suited and commonly used for developing lightweight REST APIs.,Intermediate,Backend Development
DEP_255,SK_00239,Java,SK_00211,Hibernate,recommended_prerequisite,Hibernate is an object-relational mapping tool for the Java programming language.,Intermediate,Backend Development
DEP_256,SK_00240,JavaScript,SK_00353,Promises/Async-Await,strong_prerequisite,Asynchronous JavaScript is critical for handling API calls and non-blocking operations.,Intermediate,Frontend Development
DEP_257,SK_00353,Promises/Async-Await,SK_00369,React,recommended_prerequisite,Modern React applications heavily rely on asynchronous JavaScript for data fetching.,Intermediate,Frontend Development
DEP_258,SK_00331,Pandas,SK_00467,Time Series Analysis,recommended_prerequisite,"Time series analysis involves statistical techniques applied to data indexed in time order, often using Pandas.",Advanced,Data Science
DEP_259,SK_00360,Python,SK_00500,Web Scraping,recommended_prerequisite,Python is the dominant language for building scripts that automatically extract data from websites.,Intermediate,Data Engineering
DEP_260,SK_00046,Amazon Web Services,SK_00012,Amazon API Gateway,recommended_prerequisite,"API Gateway is an AWS service for creating, publishing, maintaining, monitoring, and securing REST APIs.",Intermediate,Cloud
DEP_261,SK_00280,Microsoft Azure,SK_00055,Azure Cosmos DB,recommended_prerequisite,"Cosmos DB is Microsoft's globally distributed, multi-model database service.",Intermediate,Cloud
DEP_262,SK_00187,GCP,SK_00197,Google Pub/Sub,recommended_prerequisite,Pub/Sub is an asynchronous and scalable messaging service provided by Google Cloud.,Intermediate,Cloud
DEP_263,SK_00257,Linux,SK_00415,Shell Scripting,strong_prerequisite,Shell scripting involves writing computer programs designed to be run by the Unix shell.,Intermediate,DevOps
DEP_264,SK_00145,Docker,SK_00147,Docker Swarm,recommended_prerequisite,Docker Swarm is a clustering and scheduling tool for Docker containers.,Intermediate,DevOps
DEP_265,SK_00252,Kubernetes,SK_00253,Kustomize,recommended_prerequisite,Kustomize is a configuration management tool built into kubectl for customizing Kubernetes manifests.,Intermediate,DevOps
DEP_266,SK_00305,Network Security,SK_00237,IPSec,strong_prerequisite,IPSec is a secure network protocol suite that authenticates and encrypts packets of data.,Advanced,Cybersecurity
DEP_267,SK_00166,Ethical Hacking,SK_00383,Reverse Engineering,strong_prerequisite,Reverse engineering involves deconstructing software to extract design information and vulnerabilities.,Advanced,Cybersecurity
DEP_268,SK_00030,Application Security,SK_00153,Dynamic Code Analysis (DAST),recommended_prerequisite,DAST tools analyze applications while they are running to find security vulnerabilities.,Intermediate,Cybersecurity
DEP_269,SK_00448,Swift,SK_00088,Combine Framework,recommended_prerequisite,Combine is Apple's declarative Swift API for processing values over time.,Advanced,Mobile Development
DEP_270,SK_00249,Kotlin,SK_00250,Kotlin Coroutines,strong_prerequisite,Coroutines provide asynchronous programming capabilities essential for modern Android apps.,Intermediate,Mobile Development
DEP_271,SK_00180,Flutter,SK_00112,Dart Isolate,recommended_prerequisite,"Isolates are Dart's model for multithreading, necessary for heavy computation in Flutter.",Advanced,Mobile Development
DEP_272,SK_00450,System Design,SK_00076,CAP Theorem,strong_prerequisite,The CAP theorem is a fundamental concept for understanding the trade-offs in distributed data stores.,Advanced,Architecture
DEP_273,SK_00450,System Design,SK_00368,Rate Limiting,strong_prerequisite,Rate limiting is a strategy used to control the amount of incoming and outgoing traffic to a network.,Intermediate,Architecture
DEP_274,SK_00044,Automated Testing,SK_00286,Mocking Frameworks,strong_prerequisite,Mocking frameworks simulate the behavior of real objects for isolated unit testing.,Intermediate,Testing
DEP_275,SK_00245,JUnit,SK_00287,Mockito,recommended_prerequisite,Mockito is a popular mocking framework used in conjunction with JUnit for Java testing.,Intermediate,Testing
DEP_276,SK_00435,SQL,SK_00445,Stored Procedures,strong_prerequisite,Stored procedures are prepared SQL codes that you can save and reuse in a database.,Intermediate,Database
DEP_277,SK_00435,SQL,SK_00126,Database Triggers,strong_prerequisite,Triggers are procedural codes automatically executed in response to certain events on a particular table.,Intermediate,Database
DEP_278,SK_00156,Embedded C,SK_00274,Memory Management,strong_prerequisite,Explicit memory management is critical when writing C code for resource-constrained embedded systems.,Advanced,Embedded Systems
DEP_279,SK_00277,Microcontrollers,SK_00231,Interrupt Handling,strong_prerequisite,Interrupts are signals that temporarily halt the microcontroller's main program to execute urgent tasks.,Advanced,Embedded Systems
DEP_280,SK_00066,Blockchain,SK_00336,Peer-to-Peer Networks,strong_prerequisite,Blockchain operates on decentralized P2P networks rather than client-server architectures.,Intermediate,Blockchain
DEP_281,SK_00429,Solidity,SK_00471,Truffle Framework,recommended_prerequisite,Truffle is a development environment and testing framework for blockchains using the Ethereum Virtual Machine.,Intermediate,Blockchain
DEP_282,SK_00480,User Research,SK_00004,A/B Testing (UX),recommended_prerequisite,A/B testing in UX compares two versions of a webpage or app to determine which performs better.,Intermediate,UI/UX
DEP_283,SK_00506,Wireframing,SK_00060,Balsamiq,recommended_prerequisite,Balsamiq is a rapid wireframing tool that helps reproduce the experience of sketching on a whiteboard.,Beginner,UI/UX
DEP_284,SK_00073,C++,SK_00273,Memory Allocation,strong_prerequisite,Manual memory allocation and deallocation are fundamental concepts in high-performance C++ game engines.,Advanced,Game Development
DEP_285,SK_00475,Unity,SK_00476,Unity Physics 2D,recommended_prerequisite,Unity Physics 2D is the engine module used specifically for simulating 2D game physics.,Intermediate,Game Development
DEP_286,SK_00478,Unreal Engine,SK_00311,Niagara VFX,recommended_prerequisite,Niagara is Unreal Engine's next-generation visual effects system used for particle simulation.,Advanced,Game Development
