career_id,career_title,skill_id,skill_name,skill_category,importance,in_demand,hot_technology,description
CAR001,AI Engineer,SK001,Python,Programming,Critical,Yes,Yes,"General-purpose programming language widely used for AI, machine learning, and backend development."
CAR001,AI Engineer,SK002,Machine Learning,AI/ML,Critical,Yes,Yes,Methods for building systems that learn patterns from data and make predictions.
CAR001,AI Engineer,SK003,Deep Learning,AI/ML,Critical,Yes,Yes,Machine learning approach based on multi-layer neural networks for complex data tasks.
CAR001,AI Engineer,SK004,PyTorch,AI/ML,High,Yes,Yes,Deep learning framework widely used for developing and training neural network models.
CAR001,AI Engineer,SK009,TensorFlow,AI/ML,High,Yes,Yes,Open-source machine learning framework for training and deploying deep neural networks.
CAR001,AI Engineer,SK005,SQL,Database,Medium,Yes,No,"Query language used to store, retrieve, and analyze structured data in databases."
CAR001,AI Engineer,SK006,Docker,DevOps,High,Yes,No,Containerization technology used to package applications and dependencies for consistent deployment.
CAR001,AI Engineer,SK007,Git,DevOps,High,Yes,No,Version control system used for tracking code changes and collaborating on software.
CAR001,AI Engineer,SK012,AWS,Cloud,High,Yes,No,Amazon Web Services cloud computing platform for deploying scalable applications.
CAR001,AI Engineer,SK036,Generative AI,Generative AI,Medium,Yes,Yes,"AI systems capable of generating text, images, or other media in response to prompts."
CAR001,AI Engineer,SK037,Large Language Models,Generative AI,Medium,Yes,Yes,Advanced AI models trained on massive text datasets to understand and generate human language.
CAR001,AI Engineer,SK019,REST APIs,Web Development,Medium,Yes,No,Architectural style for designing networked applications and integrating software services.
CAR002,Machine Learning Engineer,SK001,Python,Programming,Critical,Yes,Yes,"General-purpose programming language widely used for AI, machine learning, and backend development."
CAR002,Machine Learning Engineer,SK002,Machine Learning,AI/ML,Critical,Yes,Yes,Methods for building systems that learn patterns from data and make predictions.
CAR002,Machine Learning Engineer,SK003,Deep Learning,AI/ML,High,Yes,Yes,Machine learning approach based on multi-layer neural networks for complex data tasks.
CAR002,Machine Learning Engineer,SK010,Pandas,Data Science,High,Yes,No,Data manipulation and analysis library for Python providing high-performance data structures.
CAR002,Machine Learning Engineer,SK011,Apache Spark,Data Engineering,Medium,Yes,No,Unified analytics engine for large-scale data processing and distributed computing.
CAR002,Machine Learning Engineer,SK005,SQL,Database,High,Yes,No,"Query language used to store, retrieve, and analyze structured data in databases."
CAR002,Machine Learning Engineer,SK006,Docker,DevOps,High,Yes,No,Containerization technology used to package applications and dependencies for consistent deployment.
CAR002,Machine Learning Engineer,SK008,Kubernetes,DevOps,Medium,Yes,No,"Container orchestration platform for automating application deployment, scaling, and management."
CAR002,Machine Learning Engineer,SK020,CI/CD,DevOps,High,Yes,No,Continuous integration and continuous deployment practices for automated software delivery.
CAR002,Machine Learning Engineer,SK007,Git,DevOps,High,Yes,No,Version control system used for tracking code changes and collaborating on software.
CAR002,Machine Learning Engineer,SK012,AWS,Cloud,High,Yes,No,Amazon Web Services cloud computing platform for deploying scalable applications.
CAR002,Machine Learning Engineer,SK039,MLOps,MLOps,Critical,Yes,Yes,"Practices for deploying, monitoring, and maintaining machine learning models in production."
CAR003,Data Scientist,SK001,Python,Programming,Critical,Yes,Yes,"General-purpose programming language widely used for AI, machine learning, and backend development."
CAR003,Data Scientist,SK005,SQL,Database,Critical,Yes,No,"Query language used to store, retrieve, and analyze structured data in databases."
CAR003,Data Scientist,SK010,Pandas,Data Science,Critical,Yes,No,Data manipulation and analysis library for Python providing high-performance data structures.
CAR003,Data Scientist,SK040,NumPy,Data Science,High,Yes,No,Fundamental package for scientific computing with Python supporting large arrays and matrices.
CAR003,Data Scientist,SK002,Machine Learning,AI/ML,High,Yes,Yes,Methods for building systems that learn patterns from data and make predictions.
CAR003,Data Scientist,SK041,Statistics,Data Science,Critical,Yes,No,"Mathematical science pertaining to the collection, analysis, interpretation, and presentation of data."
CAR003,Data Scientist,SK042,Data Visualization,Data Science,High,Yes,No,Graphical representation of information and data to highlight patterns and trends.
CAR003,Data Scientist,SK043,Scikit-learn,AI/ML,High,Yes,No,"Machine learning library for Python featuring classification, regression, and clustering algorithms."
CAR003,Data Scientist,SK007,Git,DevOps,Medium,Yes,No,Version control system used for tracking code changes and collaborating on software.
CAR003,Data Scientist,SK011,Apache Spark,Data Engineering,Medium,Yes,No,Unified analytics engine for large-scale data processing and distributed computing.
CAR003,Data Scientist,SK044,R,Programming,Medium,No,No,Programming language and free software environment for statistical computing and graphics.
CAR003,Data Scientist,SK028,Azure,Cloud,Medium,Yes,No,Microsoft's public cloud computing platform providing a broad range of cloud services.
CAR004,Data Engineer,SK005,SQL,Database,Critical,Yes,No,"Query language used to store, retrieve, and analyze structured data in databases."
CAR004,Data Engineer,SK001,Python,Programming,Critical,Yes,Yes,"General-purpose programming language widely used for AI, machine learning, and backend development."
CAR004,Data Engineer,SK025,ETL,Data Engineering,Critical,Yes,No,"Extract, Transform, Load processes for migrating and preparing data for analysis."
CAR004,Data Engineer,SK024,Data Warehousing,Data Engineering,Critical,Yes,No,Central repositories of integrated data from one or more disparate sources.
CAR004,Data Engineer,SK011,Apache Spark,Data Engineering,High,Yes,No,Unified analytics engine for large-scale data processing and distributed computing.
CAR004,Data Engineer,SK023,PostgreSQL,Database,High,Yes,No,"Advanced, enterprise-class open-source relational database system."
CAR004,Data Engineer,SK012,AWS,Cloud,High,Yes,No,Amazon Web Services cloud computing platform for deploying scalable applications.
CAR004,Data Engineer,SK045,Data Modeling,Data Engineering,High,Yes,No,Process of creating a conceptual representation of data structures and their relationships.
CAR004,Data Engineer,SK006,Docker,DevOps,Medium,Yes,No,Containerization technology used to package applications and dependencies for consistent deployment.
CAR004,Data Engineer,SK020,CI/CD,DevOps,Medium,Yes,No,Continuous integration and continuous deployment practices for automated software delivery.
CAR004,Data Engineer,SK007,Git,DevOps,High,Yes,No,Version control system used for tracking code changes and collaborating on software.
CAR004,Data Engineer,SK046,Snowflake,Data Engineering,High,Yes,Yes,Cloud-based data warehousing platform designed for massive scale and performance.
CAR005,Software Engineer,SK001,Python,Programming,High,Yes,Yes,"General-purpose programming language widely used for AI, machine learning, and backend development."
CAR005,Software Engineer,SK013,Java,Programming,High,Yes,No,"High-level, class-based, object-oriented programming language widely used for enterprise applications."
CAR005,Software Engineer,SK015,JavaScript,Programming,High,Yes,No,"Core programming language of the Web, used for interactive and dynamic content."
CAR005,Software Engineer,SK014,C++,Programming,Medium,No,No,General-purpose programming language known for performance and system-level control.
CAR005,Software Engineer,SK007,Git,DevOps,Critical,Yes,No,Version control system used for tracking code changes and collaborating on software.
CAR005,Software Engineer,SK005,SQL,Database,High,Yes,No,"Query language used to store, retrieve, and analyze structured data in databases."
CAR005,Software Engineer,SK019,REST APIs,Web Development,Critical,Yes,No,Architectural style for designing networked applications and integrating software services.
CAR005,Software Engineer,SK006,Docker,DevOps,High,Yes,No,Containerization technology used to package applications and dependencies for consistent deployment.
CAR005,Software Engineer,SK020,CI/CD,DevOps,High,Yes,No,Continuous integration and continuous deployment practices for automated software delivery.
CAR005,Software Engineer,SK021,Linux,Systems,High,Yes,No,"Open-source operating system widely used for servers, cloud infrastructure, and development."
CAR005,Software Engineer,SK012,AWS,Cloud,High,Yes,No,Amazon Web Services cloud computing platform for deploying scalable applications.
CAR005,Software Engineer,SK047,Software Architecture,Software Engineering,Critical,Yes,No,High-level structure of a software system and the discipline of creating such structures.
CAR006,Backend Developer,SK017,Node.js,Web Development,High,Yes,No,JavaScript runtime built on Chrome's V8 engine for executing code server-side.
CAR006,Backend Developer,SK001,Python,Programming,High,Yes,Yes,"General-purpose programming language widely used for AI, machine learning, and backend development."
CAR006,Backend Developer,SK013,Java,Programming,High,Yes,No,"High-level, class-based, object-oriented programming language widely used for enterprise applications."
CAR006,Backend Developer,SK005,SQL,Database,Critical,Yes,No,"Query language used to store, retrieve, and analyze structured data in databases."
CAR006,Backend Developer,SK023,PostgreSQL,Database,High,Yes,No,"Advanced, enterprise-class open-source relational database system."
CAR006,Backend Developer,SK022,MongoDB,Database,High,Yes,No,NoSQL document database designed for scalability and flexible data schemas.
CAR006,Backend Developer,SK019,REST APIs,Web Development,Critical,Yes,No,Architectural style for designing networked applications and integrating software services.
CAR006,Backend Developer,SK048,GraphQL,Web Development,Medium,Yes,Yes,Query language for APIs providing a complete and understandable description of data.
CAR006,Backend Developer,SK006,Docker,DevOps,High,Yes,No,Containerization technology used to package applications and dependencies for consistent deployment.
CAR006,Backend Developer,SK007,Git,DevOps,Critical,Yes,No,Version control system used for tracking code changes and collaborating on software.
CAR006,Backend Developer,SK049,Redis,Database,Medium,Yes,No,"In-memory data structure store used as a database, cache, and message broker."
CAR006,Backend Developer,SK012,AWS,Cloud,High,Yes,No,Amazon Web Services cloud computing platform for deploying scalable applications.
CAR007,Frontend Developer,SK018,HTML/CSS,Web Development,Critical,Yes,No,Fundamental technologies for structuring and styling content on the World Wide Web.
CAR007,Frontend Developer,SK015,JavaScript,Programming,Critical,Yes,No,"Core programming language of the Web, used for interactive and dynamic content."
CAR007,Frontend Developer,SK050,TypeScript,Programming,High,Yes,Yes,Strongly typed programming language that builds on JavaScript for larger scale applications.
CAR007,Frontend Developer,SK016,React,Web Development,Critical,Yes,Yes,JavaScript library for building user interfaces based on UI components.
CAR007,Frontend Developer,SK051,Angular,Web Development,Medium,No,No,Platform and framework for building single-page client applications using HTML and TypeScript.
CAR007,Frontend Developer,SK052,Vue.js,Web Development,Medium,Yes,No,Progressive JavaScript framework for building user interfaces and single-page applications.
CAR007,Frontend Developer,SK019,REST APIs,Web Development,High,Yes,No,Architectural style for designing networked applications and integrating software services.
CAR007,Frontend Developer,SK007,Git,DevOps,Critical,Yes,No,Version control system used for tracking code changes and collaborating on software.
CAR007,Frontend Developer,SK053,Responsive Design,Web Development,Critical,Yes,No,Approach to web design that makes web pages render well on a variety of devices.
CAR007,Frontend Developer,SK054,Web Performance Optimization,Web Development,High,Yes,No,Techniques to improve the speed and efficiency of web applications.
CAR007,Frontend Developer,SK055,Figma,UI/UX,Medium,Yes,No,Collaborative web application for interface design and prototyping.
CAR008,Full Stack Developer,SK015,JavaScript,Programming,Critical,Yes,No,"Core programming language of the Web, used for interactive and dynamic content."
CAR008,Full Stack Developer,SK018,HTML/CSS,Web Development,Critical,Yes,No,Fundamental technologies for structuring and styling content on the World Wide Web.
CAR008,Full Stack Developer,SK016,React,Web Development,High,Yes,Yes,JavaScript library for building user interfaces based on UI components.
CAR008,Full Stack Developer,SK017,Node.js,Web Development,High,Yes,No,JavaScript runtime built on Chrome's V8 engine for executing code server-side.
CAR008,Full Stack Developer,SK001,Python,Programming,High,Yes,Yes,"General-purpose programming language widely used for AI, machine learning, and backend development."
CAR008,Full Stack Developer,SK005,SQL,Database,Critical,Yes,No,"Query language used to store, retrieve, and analyze structured data in databases."
CAR008,Full Stack Developer,SK019,REST APIs,Web Development,Critical,Yes,No,Architectural style for designing networked applications and integrating software services.
CAR008,Full Stack Developer,SK007,Git,DevOps,Critical,Yes,No,Version control system used for tracking code changes and collaborating on software.
CAR008,Full Stack Developer,SK006,Docker,DevOps,High,Yes,No,Containerization technology used to package applications and dependencies for consistent deployment.
CAR008,Full Stack Developer,SK012,AWS,Cloud,High,Yes,No,Amazon Web Services cloud computing platform for deploying scalable applications.
CAR008,Full Stack Developer,SK050,TypeScript,Programming,High,Yes,Yes,Strongly typed programming language that builds on JavaScript for larger scale applications.
CAR008,Full Stack Developer,SK022,MongoDB,Database,Medium,Yes,No,NoSQL document database designed for scalability and flexible data schemas.
CAR009,Mobile Application Developer,SK026,Swift,Mobile Development,High,Yes,No,"Powerful and intuitive programming language for macOS, iOS, watchOS, and tvOS."
CAR009,Mobile Application Developer,SK027,Kotlin,Mobile Development,High,Yes,No,Modern programming language widely used for Android app development.
CAR009,Mobile Application Developer,SK056,React Native,Mobile Development,High,Yes,Yes,Framework for building native apps using React and JavaScript.
CAR009,Mobile Application Developer,SK057,Flutter,Mobile Development,High,Yes,Yes,"Google's UI toolkit for building natively compiled applications for mobile, web, and desktop."
CAR009,Mobile Application Developer,SK013,Java,Programming,Medium,No,No,"High-level, class-based, object-oriented programming language widely used for enterprise applications."
CAR009,Mobile Application Developer,SK019,REST APIs,Web Development,Critical,Yes,No,Architectural style for designing networked applications and integrating software services.
CAR009,Mobile Application Developer,SK007,Git,DevOps,Critical,Yes,No,Version control system used for tracking code changes and collaborating on software.
CAR009,Mobile Application Developer,SK058,Mobile UI/UX Design,UI/UX,High,Yes,No,Principles and practices for designing intuitive and engaging mobile interfaces.
CAR009,Mobile Application Developer,SK059,App Store Deployment,Mobile Development,High,Yes,No,Process of publishing applications to the Apple App Store and Google Play Store.
CAR009,Mobile Application Developer,SK060,SQLite,Database,Medium,Yes,No,"C-language library that implements a small, fast, self-contained SQL database engine."
CAR010,Cloud Engineer,SK012,AWS,Cloud,Critical,Yes,No,Amazon Web Services cloud computing platform for deploying scalable applications.
CAR010,Cloud Engineer,SK028,Azure,Cloud,High,Yes,No,Microsoft's public cloud computing platform providing a broad range of cloud services.
CAR010,Cloud Engineer,SK029,Google Cloud,Cloud,High,Yes,No,Suite of cloud computing services offered by Google.
CAR010,Cloud Engineer,SK021,Linux,Systems,Critical,Yes,No,"Open-source operating system widely used for servers, cloud infrastructure, and development."
CAR010,Cloud Engineer,SK006,Docker,DevOps,Critical,Yes,No,Containerization technology used to package applications and dependencies for consistent deployment.
CAR010,Cloud Engineer,SK008,Kubernetes,DevOps,Critical,Yes,Yes,"Container orchestration platform for automating application deployment, scaling, and management."
CAR010,Cloud Engineer,SK030,Terraform,DevOps,High,Yes,Yes,"Infrastructure as code software tool for building, changing, and versioning infrastructure safely."
CAR010,Cloud Engineer,SK020,CI/CD,DevOps,High,Yes,No,Continuous integration and continuous deployment practices for automated software delivery.
CAR010,Cloud Engineer,SK001,Python,Programming,High,Yes,Yes,"General-purpose programming language widely used for AI, machine learning, and backend development."
CAR010,Cloud Engineer,SK061,Bash Scripting,Systems,High,Yes,No,Command language and Unix shell used for automating system administration tasks.
CAR010,Cloud Engineer,SK031,Network Security,Cybersecurity,Medium,Yes,No,Practices and technologies designed to protect the usability and integrity of networks.
CAR010,Cloud Engineer,SK062,Serverless Computing,Cloud,Medium,Yes,Yes,Cloud computing execution model where the provider dynamically manages server allocation.
CAR011,DevOps Engineer,SK006,Docker,DevOps,Critical,Yes,No,Containerization technology used to package applications and dependencies for consistent deployment.
CAR011,DevOps Engineer,SK008,Kubernetes,DevOps,Critical,Yes,Yes,"Container orchestration platform for automating application deployment, scaling, and management."
CAR011,DevOps Engineer,SK020,CI/CD,DevOps,Critical,Yes,No,Continuous integration and continuous deployment practices for automated software delivery.
CAR011,DevOps Engineer,SK012,AWS,Cloud,High,Yes,No,Amazon Web Services cloud computing platform for deploying scalable applications.
CAR011,DevOps Engineer,SK030,Terraform,DevOps,High,Yes,Yes,"Infrastructure as code software tool for building, changing, and versioning infrastructure safely."
CAR011,DevOps Engineer,SK061,Bash Scripting,Systems,High,Yes,No,Command language and Unix shell used for automating system administration tasks.
CAR011,DevOps Engineer,SK001,Python,Programming,Medium,Yes,Yes,"General-purpose programming language widely used for AI, machine learning, and backend development."
CAR012,Cybersecurity Analyst,SK031,Network Security,Cybersecurity,Critical,Yes,No,Practices and technologies designed to protect the usability and integrity of networks.
CAR012,Cybersecurity Analyst,SK063,Penetration Testing,Cybersecurity,High,Yes,No,"Practice of testing a computer system, network or web application to find security vulnerabilities."
CAR012,Cybersecurity Analyst,SK064,SIEM,Cybersecurity,High,Yes,No,Security information and event management for real-time analysis of security alerts.
CAR012,Cybersecurity Analyst,SK001,Python,Programming,Medium,Yes,Yes,"General-purpose programming language widely used for AI, machine learning, and backend development."
CAR012,Cybersecurity Analyst,SK065,Ethical Hacking,Cybersecurity,High,Yes,No,Lawful and authorized bypassing of system security to identify potential data breaches.
CAR012,Cybersecurity Analyst,SK021,Linux,Systems,High,Yes,No,"Open-source operating system widely used for servers, cloud infrastructure, and development."
CAR013,UI/UX Designer,SK055,Figma,UI/UX,Critical,Yes,Yes,Collaborative web application for interface design and prototyping.
CAR013,UI/UX Designer,SK066,Adobe XD,UI/UX,High,Yes,No,Vector-based user experience design tool for web apps and mobile apps.
CAR013,UI/UX Designer,SK067,Wireframing,UI/UX,Critical,Yes,No,Creating structural blueprints for web pages or apps to establish layout and functionality.
CAR013,UI/UX Designer,SK068,Prototyping,UI/UX,Critical,Yes,No,Building interactive models of applications to test user flows and interactions.
CAR013,UI/UX Designer,SK018,HTML/CSS,Web Development,Medium,Yes,No,Fundamental technologies for structuring and styling content on the World Wide Web.
CAR014,Product Manager,SK069,Agile Methodologies,Management,Critical,Yes,No,Project management approaches focusing on iterative development and continuous feedback.
CAR014,Product Manager,SK070,Scrum,Management,High,Yes,No,"Agile framework for developing, delivering, and sustaining complex products."
CAR014,Product Manager,SK071,Jira,Management,High,Yes,No,Proprietary issue tracking product developed by Atlassian for bug tracking and agile project management.
CAR014,Product Manager,SK072,Product Strategy,Management,Critical,Yes,No,High-level plan describing what a business hopes to accomplish with its product.
CAR014,Product Manager,SK073,Data Analysis,Data Science,High,Yes,No,"Process of inspecting, cleansing, transforming, and modeling data to discover useful information."
CAR015,Blockchain Developer,SK074,Solidity,Blockchain,Critical,Yes,Yes,Object-oriented programming language for writing smart contracts on various blockchain platforms.
CAR015,Blockchain Developer,SK075,Ethereum,Blockchain,Critical,Yes,Yes,"Decentralized, open-source blockchain with smart contract functionality."
CAR015,Blockchain Developer,SK076,Smart Contracts,Blockchain,Critical,Yes,Yes,Self-executing contracts with the terms of the agreement directly written into lines of code.
CAR015,Blockchain Developer,SK015,JavaScript,Programming,High,Yes,No,"Core programming language of the Web, used for interactive and dynamic content."
CAR015,Blockchain Developer,SK014,C++,Programming,Medium,No,No,General-purpose programming language known for performance and system-level control.
CAR016,Game Developer,SK077,Unity,Game Development,Critical,Yes,Yes,Cross-platform game engine developed by Unity Technologies.
CAR016,Game Developer,SK078,C#,Programming,Critical,Yes,No,"Modern, object-oriented, and type-safe programming language."
CAR016,Game Developer,SK079,Unreal Engine,Game Development,High,Yes,Yes,3D computer graphics game engine developed by Epic Games.
CAR016,Game Developer,SK014,C++,Programming,High,No,No,General-purpose programming language known for performance and system-level control.
CAR016,Game Developer,SK080,3D Modeling,Game Development,Medium,Yes,No,Process of developing a mathematical representation of any surface of an object in three dimensions.
CAR017,QA Engineer,SK081,Selenium,QA,Critical,Yes,No,Portable framework for testing web applications.
CAR017,QA Engineer,SK082,Automated Testing,QA,Critical,Yes,No,Use of software separate from the software being tested to control the execution of tests.
CAR017,QA Engineer,SK083,Manual Testing,QA,High,Yes,No,Process of manually testing software for defects without using automated tools.
CAR017,QA Engineer,SK001,Python,Programming,High,Yes,Yes,"General-purpose programming language widely used for AI, machine learning, and backend development."
CAR017,QA Engineer,SK013,Java,Programming,Medium,Yes,No,"High-level, class-based, object-oriented programming language widely used for enterprise applications."
CAR018,Database Administrator,SK005,SQL,Database,Critical,Yes,No,"Query language used to store, retrieve, and analyze structured data in databases."
CAR018,Database Administrator,SK084,Oracle DB,Database,High,Yes,No,Multi-model database management system produced and marketed by Oracle Corporation.
CAR018,Database Administrator,SK085,Database Tuning,Database,High,Yes,No,Process of maximizing a database's use of system resources to perform work as efficiently as possible.
CAR018,Database Administrator,SK023,PostgreSQL,Database,High,Yes,No,"Advanced, enterprise-class open-source relational database system."
CAR018,Database Administrator,SK022,MongoDB,Database,Medium,Yes,No,NoSQL document database designed for scalability and flexible data schemas.
CAR019,System Administrator,SK021,Linux,Systems,Critical,Yes,No,"Open-source operating system widely used for servers, cloud infrastructure, and development."
CAR019,System Administrator,SK086,Windows Server,Systems,High,Yes,No,Group of operating systems designed by Microsoft that supports enterprise-level management.
CAR019,System Administrator,SK087,Active Directory,Systems,High,Yes,No,Directory service developed by Microsoft for Windows domain networks.
CAR019,System Administrator,SK088,VMware,Systems,High,Yes,No,Cloud computing and virtualization technology company.
CAR019,System Administrator,SK061,Bash Scripting,Systems,High,Yes,No,Command language and Unix shell used for automating system administration tasks.
CAR020,Site Reliability Engineer,SK008,Kubernetes,DevOps,Critical,Yes,Yes,"Container orchestration platform for automating application deployment, scaling, and management."
CAR020,Site Reliability Engineer,SK089,Monitoring/Alerting,DevOps,Critical,Yes,No,Practices and tools for observing system health and notifying teams of issues.
CAR020,Site Reliability Engineer,SK090,Incident Management,DevOps,High,Yes,No,Process used by DevOps and IT Operations teams to respond to an unplanned event or service interruption.
CAR020,Site Reliability Engineer,SK001,Python,Programming,High,Yes,Yes,"General-purpose programming language widely used for AI, machine learning, and backend development."
CAR020,Site Reliability Engineer,SK012,AWS,Cloud,High,Yes,No,Amazon Web Services cloud computing platform for deploying scalable applications.
CAR021,Embedded Systems Engineer,SK001,Python,Programming,High,Yes,Yes,"General-purpose programming language widely used for AI, machine learning, and backend development."
CAR021,Embedded Systems Engineer,SK014,C++,Programming,Critical,No,No,General-purpose programming language known for performance and system-level control.
CAR021,Embedded Systems Engineer,SK101,C,Programming,Critical,Yes,No,Procedural programming language essential for low-level system access and embedded firmware.
CAR021,Embedded Systems Engineer,SK102,Microcontrollers,Embedded Systems,Critical,Yes,No,Compact integrated circuits designed to govern a specific operation in an embedded system.
CAR021,Embedded Systems Engineer,SK103,RTOS,Embedded Systems,High,Yes,No,Real-time operating system intended to serve real-time applications that process data as it comes in.
CAR021,Embedded Systems Engineer,SK104,Embedded Linux,Embedded Systems,High,Yes,Yes,Usage of Linux operating system in embedded computer systems.
CAR021,Embedded Systems Engineer,SK105,ARM Architecture,Embedded Systems,Critical,Yes,No,Family of RISC instruction set architectures for computer processors.
CAR021,Embedded Systems Engineer,SK106,SPI/I2C/UART,Embedded Systems,Critical,Yes,No,Standard serial communication protocols used for interfacing microcontrollers with peripherals.
CAR021,Embedded Systems Engineer,SK007,Git,DevOps,High,Yes,No,Version control system used for tracking code changes and collaborating on software.
CAR021,Embedded Systems Engineer,SK107,IoT Protocols,IoT,Medium,Yes,Yes,Communication protocols like MQTT and CoAP used for Internet of Things devices.
CAR021,Embedded Systems Engineer,SK108,Hardware Debugging,Embedded Systems,High,Yes,No,Process of identifying and resolving bugs in hardware using tools like oscilloscopes and logic analyzers.
CAR022,VLSI Design Engineer,SK109,Verilog,VLSI,Critical,Yes,No,Hardware description language used to model electronic systems.
CAR022,VLSI Design Engineer,SK110,SystemVerilog,VLSI,Critical,Yes,Yes,Combined hardware description and hardware verification language.
CAR022,VLSI Design Engineer,SK111,VHDL,VLSI,High,No,No,Hardware description language used in electronic design automation to describe digital and mixed-signal systems.
CAR022,VLSI Design Engineer,SK112,ASIC Design,VLSI,Critical,Yes,No,Application-specific integrated circuit design for a particular use rather than general-purpose use.
CAR022,VLSI Design Engineer,SK113,FPGA,VLSI,High,Yes,Yes,Field-programmable gate arrays designed to be configured by a customer or a designer after manufacturing.
CAR022,VLSI Design Engineer,SK114,RTL Design,VLSI,Critical,Yes,No,Register-transfer level design abstraction used in synchronous digital circuits.
CAR022,VLSI Design Engineer,SK115,Physical Design,VLSI,High,Yes,No,Process of transforming a circuit description into the physical layout.
CAR022,VLSI Design Engineer,SK116,Static Timing Analysis,VLSI,High,Yes,No,Method of computing the expected timing of a digital circuit without requiring simulation.
CAR022,VLSI Design Engineer,SK001,Python,Programming,Medium,Yes,Yes,"General-purpose programming language widely used for AI, machine learning, and backend development."
CAR022,VLSI Design Engineer,SK117,Tcl/Tk,Programming,Medium,Yes,No,Scripting language commonly used for rapid prototyping and scripted applications in EDA tools.
CAR023,Blockchain Developer,SK074,Solidity,Blockchain,Critical,Yes,Yes,Object-oriented programming language for writing smart contracts on various blockchain platforms.
CAR023,Blockchain Developer,SK075,Ethereum,Blockchain,Critical,Yes,Yes,"Decentralized, open-source blockchain with smart contract functionality."
CAR023,Blockchain Developer,SK076,Smart Contracts,Blockchain,Critical,Yes,Yes,Self-executing contracts with the terms of the agreement directly written into lines of code.
CAR023,Blockchain Developer,SK015,JavaScript,Programming,High,Yes,No,"Core programming language of the Web, used for interactive and dynamic content."
CAR023,Blockchain Developer,SK050,TypeScript,Programming,High,Yes,Yes,Strongly typed programming language that builds on JavaScript for larger scale applications.
CAR023,Blockchain Developer,SK118,Web3.js,Blockchain,High,Yes,Yes,"Collection of libraries that allow you to interact with a local or remote ethereum node using HTTP, IPC or WebSocket."
CAR023,Blockchain Developer,SK119,Cryptography,Cybersecurity,High,Yes,No,Practice and study of techniques for secure communication in the presence of adversarial behavior.
CAR023,Blockchain Developer,SK120,Rust,Programming,Medium,Yes,Yes,"Multi-paradigm, general-purpose programming language designed for performance and safety, especially safe concurrency."
CAR023,Blockchain Developer,SK121,Go,Programming,Medium,Yes,No,"Statically typed, compiled programming language designed at Google."
CAR023,Blockchain Developer,SK007,Git,DevOps,Critical,Yes,No,Version control system used for tracking code changes and collaborating on software.
CAR023,Blockchain Developer,SK122,Hardhat/Truffle,Blockchain,High,Yes,No,Development environments and testing frameworks for building on Ethereum.
CAR024,Smart Contract Developer,SK074,Solidity,Blockchain,Critical,Yes,Yes,Object-oriented programming language for writing smart contracts on various blockchain platforms.
CAR024,Smart Contract Developer,SK076,Smart Contracts,Blockchain,Critical,Yes,Yes,Self-executing contracts with the terms of the agreement directly written into lines of code.
CAR024,Smart Contract Developer,SK075,Ethereum,Blockchain,Critical,Yes,Yes,"Decentralized, open-source blockchain with smart contract functionality."
CAR024,Smart Contract Developer,SK119,Cryptography,Cybersecurity,High,Yes,No,Practice and study of techniques for secure communication in the presence of adversarial behavior.
CAR024,Smart Contract Developer,SK123,Smart Contract Security,Cybersecurity,Critical,Yes,Yes,Practices and auditing processes to identify vulnerabilities in blockchain smart contracts.
CAR024,Smart Contract Developer,SK122,Hardhat/Truffle,Blockchain,High,Yes,No,Development environments and testing frameworks for building on Ethereum.
CAR024,Smart Contract Developer,SK118,Web3.js,Blockchain,Medium,Yes,Yes,"Collection of libraries that allow you to interact with a local or remote ethereum node using HTTP, IPC or WebSocket."
CAR024,Smart Contract Developer,SK015,JavaScript,Programming,High,Yes,No,"Core programming language of the Web, used for interactive and dynamic content."
CAR024,Smart Contract Developer,SK007,Git,DevOps,High,Yes,No,Version control system used for tracking code changes and collaborating on software.
CAR024,Smart Contract Developer,SK124,DeFi Protocols,Blockchain,Medium,Yes,Yes,Decentralized finance applications and protocols built on blockchain networks.
CAR025,Game Developer,SK077,Unity,Game Development,Critical,Yes,Yes,Cross-platform game engine developed by Unity Technologies.
CAR025,Game Developer,SK078,C#,Programming,Critical,Yes,No,"Modern, object-oriented, and type-safe programming language."
CAR025,Game Developer,SK079,Unreal Engine,Game Development,High,Yes,Yes,3D computer graphics game engine developed by Epic Games.
CAR025,Game Developer,SK014,C++,Programming,High,No,No,General-purpose programming language known for performance and system-level control.
CAR025,Game Developer,SK080,3D Modeling,Game Development,Medium,Yes,No,Process of developing a mathematical representation of any surface of an object in three dimensions.
CAR025,Game Developer,SK125,Game Physics,Game Development,High,Yes,No,Implementation of physics simulations to create realistic movement and collisions in games.
CAR025,Game Developer,SK126,Computer Graphics,Game Development,High,Yes,No,"Generation of visual images using computers, essential for rendering game environments."
CAR025,Game Developer,SK127,Game AI,Game Development,Medium,Yes,No,"Artificial intelligence techniques used to create responsive, adaptive or intelligent behaviors primarily in non-player characters."
CAR025,Game Developer,SK007,Git,DevOps,High,Yes,No,Version control system used for tracking code changes and collaborating on software.
CAR025,Game Developer,SK128,Multiplayer Networking,Game Development,Medium,Yes,No,Techniques for synchronizing game state across multiple clients over a network.
CAR026,UI/UX Designer,SK055,Figma,UI/UX,Critical,Yes,Yes,Collaborative web application for interface design and prototyping.
CAR026,UI/UX Designer,SK066,Adobe XD,UI/UX,High,Yes,No,Vector-based user experience design tool for web apps and mobile apps.
CAR026,UI/UX Designer,SK067,Wireframing,UI/UX,Critical,Yes,No,Creating structural blueprints for web pages or apps to establish layout and functionality.
CAR026,UI/UX Designer,SK068,Prototyping,UI/UX,Critical,Yes,No,Building interactive models of applications to test user flows and interactions.
CAR026,UI/UX Designer,SK129,User Research,UI/UX,High,Yes,No,Systematic study of target users and their requirements to add realistic contexts and insights to design processes.
CAR026,UI/UX Designer,SK130,Usability Testing,UI/UX,High,Yes,No,Evaluating a product or service by testing it with representative users.
CAR026,UI/UX Designer,SK131,Information Architecture,UI/UX,High,Yes,No,Structural design of shared information environments to support usability and findability.
CAR026,UI/UX Designer,SK132,Interaction Design,UI/UX,Critical,Yes,No,Design of the interaction between users and products.
CAR026,UI/UX Designer,SK018,HTML/CSS,Web Development,Medium,Yes,No,Fundamental technologies for structuring and styling content on the World Wide Web.
CAR026,UI/UX Designer,SK133,Design Systems,UI/UX,High,Yes,Yes,"Collection of reusable components, guided by clear standards, that can be assembled together to build any number of applications."
CAR027,Product Designer,SK055,Figma,UI/UX,Critical,Yes,Yes,Collaborative web application for interface design and prototyping.
CAR027,Product Designer,SK133,Design Systems,UI/UX,Critical,Yes,Yes,"Collection of reusable components, guided by clear standards, that can be assembled together to build any number of applications."
CAR027,Product Designer,SK068,Prototyping,UI/UX,Critical,Yes,No,Building interactive models of applications to test user flows and interactions.
CAR027,Product Designer,SK129,User Research,UI/UX,High,Yes,No,Systematic study of target users and their requirements to add realistic contexts and insights to design processes.
CAR027,Product Designer,SK134,Product Strategy,Product Management,High,Yes,No,High-level plan describing what a business hopes to accomplish with its product.
CAR027,Product Designer,SK130,Usability Testing,UI/UX,High,Yes,No,Evaluating a product or service by testing it with representative users.
CAR027,Product Designer,SK067,Wireframing,UI/UX,High,Yes,No,Creating structural blueprints for web pages or apps to establish layout and functionality.
CAR027,Product Designer,SK131,Information Architecture,UI/UX,Medium,Yes,No,Structural design of shared information environments to support usability and findability.
CAR027,Product Designer,SK135,Data-Driven Design,UI/UX,High,Yes,Yes,Using quantitative and qualitative data to inform and validate design decisions.
CAR027,Product Designer,SK018,HTML/CSS,Web Development,Medium,Yes,No,Fundamental technologies for structuring and styling content on the World Wide Web.
CAR028,Data Analyst,SK005,SQL,Database,Critical,Yes,No,"Query language used to store, retrieve, and analyze structured data in databases."
CAR028,Data Analyst,SK136,Excel,Analytics,Critical,Yes,No,Spreadsheet software developed by Microsoft for data analysis and visualization.
CAR028,Data Analyst,SK137,Tableau,Analytics,High,Yes,No,Interactive data visualization software focused on business intelligence.
CAR028,Data Analyst,SK138,Power BI,Analytics,High,Yes,Yes,Interactive data visualization software product developed by Microsoft with primary focus on business intelligence.
CAR028,Data Analyst,SK001,Python,Programming,High,Yes,Yes,"General-purpose programming language widely used for AI, machine learning, and backend development."
CAR028,Data Analyst,SK010,Pandas,Data Science,High,Yes,No,Data manipulation and analysis library for Python providing high-performance data structures.
CAR028,Data Analyst,SK041,Statistics,Data Science,High,Yes,No,"Mathematical science pertaining to the collection, analysis, interpretation, and presentation of data."
CAR028,Data Analyst,SK042,Data Visualization,Data Science,Critical,Yes,No,Graphical representation of information and data to highlight patterns and trends.
CAR028,Data Analyst,SK139,Data Cleaning,Data Science,Critical,Yes,No,"Process of preparing data for analysis by removing or modifying data that is incorrect, incomplete, irrelevant, duplicated, or improperly formatted."
CAR028,Data Analyst,SK044,R,Programming,Medium,No,No,Programming language and free software environment for statistical computing and graphics.
CAR029,Business Analyst,SK140,Requirements Gathering,Analytics,Critical,Yes,No,Process of determining user expectations for a new or modified product.
CAR029,Business Analyst,SK141,Business Process Modeling,Analytics,Critical,Yes,No,"Activity of representing processes of an enterprise, so that the current process may be analyzed or improved."
CAR029,Business Analyst,SK005,SQL,Database,High,Yes,No,"Query language used to store, retrieve, and analyze structured data in databases."
CAR029,Business Analyst,SK136,Excel,Analytics,Critical,Yes,No,Spreadsheet software developed by Microsoft for data analysis and visualization.
CAR029,Business Analyst,SK142,Data Analysis,Analytics,High,Yes,No,"Process of inspecting, cleansing, transforming, and modeling data to discover useful information."
CAR029,Business Analyst,SK137,Tableau,Analytics,Medium,Yes,No,Interactive data visualization software focused on business intelligence.
CAR029,Business Analyst,SK138,Power BI,Analytics,Medium,Yes,Yes,Interactive data visualization software product developed by Microsoft with primary focus on business intelligence.
CAR029,Business Analyst,SK069,Agile Methodologies,Product Management,High,Yes,No,Project management approaches focusing on iterative development and continuous feedback.
CAR029,Business Analyst,SK071,Jira,Product Management,High,Yes,No,Proprietary issue tracking product developed by Atlassian for bug tracking and agile project management.
CAR029,Business Analyst,SK143,Stakeholder Management,Product Management,Critical,Yes,No,Process of maintaining good relationships with the people who have most impact on your work.
CAR030,Solutions Architect,SK012,AWS,Cloud,Critical,Yes,No,Amazon Web Services cloud computing platform for deploying scalable applications.
CAR030,Solutions Architect,SK028,Azure,Cloud,High,Yes,No,Microsoft's public cloud computing platform providing a broad range of cloud services.
CAR030,Solutions Architect,SK047,Software Architecture,Software Engineering,Critical,Yes,No,High-level structure of a software system and the discipline of creating such structures.
CAR030,Solutions Architect,SK144,System Design,Software Engineering,Critical,Yes,Yes,"Process of defining the architecture, modules, interfaces, and data for a system to satisfy specified requirements."
CAR030,Solutions Architect,SK145,Microservices,Software Engineering,High,Yes,Yes,Architectural style that structures an application as a collection of loosely coupled services.
CAR030,Solutions Architect,SK019,REST APIs,Web Development,High,Yes,No,Architectural style for designing networked applications and integrating software services.
CAR030,Solutions Architect,SK006,Docker,DevOps,High,Yes,No,Containerization technology used to package applications and dependencies for consistent deployment.
CAR030,Solutions Architect,SK008,Kubernetes,DevOps,High,Yes,Yes,"Container orchestration platform for automating application deployment, scaling, and management."
CAR030,Solutions Architect,SK146,Enterprise Architecture,Software Engineering,High,Yes,No,"Practice of analyzing, designing, planning and implementing enterprise analysis to successfully execute on business strategies."
CAR030,Solutions Architect,SK147,Security Architecture,Cybersecurity,High,Yes,No,"Design artifacts that describe how the security controls are positioned, and how they relate to the overall IT architecture."
CAR030,Solutions Architect,SK005,SQL,Database,Medium,Yes,No,"Query language used to store, retrieve, and analyze structured data in databases."
CAR031,QA Engineer,SK081,Selenium,QA,Critical,Yes,No,Portable framework for testing web applications.
CAR031,QA Engineer,SK082,Automated Testing,QA,Critical,Yes,No,Use of software separate from the software being tested to control the execution of tests.
CAR031,QA Engineer,SK083,Manual Testing,QA,High,Yes,No,Process of manually testing software for defects without using automated tools.
CAR031,QA Engineer,SK001,Python,Programming,High,Yes,Yes,"General-purpose programming language widely used for AI, machine learning, and backend development."
CAR031,QA Engineer,SK013,Java,Programming,High,Yes,No,"High-level, class-based, object-oriented programming language widely used for enterprise applications."
CAR031,QA Engineer,SK005,SQL,Database,High,Yes,No,"Query language used to store, retrieve, and analyze structured data in databases."
CAR031,QA Engineer,SK007,Git,DevOps,High,Yes,No,Version control system used for tracking code changes and collaborating on software.
CAR031,QA Engineer,SK020,CI/CD,DevOps,Medium,Yes,No,Continuous integration and continuous deployment practices for automated software delivery.
CAR031,QA Engineer,SK148,Postman,QA,High,Yes,No,"API platform for building and using APIs, widely used for API testing."
CAR031,QA Engineer,SK149,TestNG,QA,Medium,Yes,No,Testing framework inspired from JUnit and NUnit but introducing some new functionalities.
CAR031,QA Engineer,SK150,JUnit,QA,Medium,Yes,No,Unit testing framework for the Java programming language.
CAR032,Automation Test Engineer,SK081,Selenium,QA,Critical,Yes,No,Portable framework for testing web applications.
CAR032,Automation Test Engineer,SK082,Automated Testing,QA,Critical,Yes,No,Use of software separate from the software being tested to control the execution of tests.
CAR032,Automation Test Engineer,SK001,Python,Programming,Critical,Yes,Yes,"General-purpose programming language widely used for AI, machine learning, and backend development."
CAR032,Automation Test Engineer,SK013,Java,Programming,High,Yes,No,"High-level, class-based, object-oriented programming language widely used for enterprise applications."
CAR032,Automation Test Engineer,SK015,JavaScript,Programming,High,Yes,No,"Core programming language of the Web, used for interactive and dynamic content."
CAR032,Automation Test Engineer,SK020,CI/CD,DevOps,High,Yes,No,Continuous integration and continuous deployment practices for automated software delivery.
CAR032,Automation Test Engineer,SK006,Docker,DevOps,Medium,Yes,No,Containerization technology used to package applications and dependencies for consistent deployment.
CAR032,Automation Test Engineer,SK007,Git,DevOps,Critical,Yes,No,Version control system used for tracking code changes and collaborating on software.
CAR032,Automation Test Engineer,SK148,Postman,QA,High,Yes,No,"API platform for building and using APIs, widely used for API testing."
CAR032,Automation Test Engineer,SK151,Cypress,QA,High,Yes,Yes,Next generation front end testing tool built for the modern web.
CAR032,Automation Test Engineer,SK152,Appium,QA,High,Yes,No,"Open source test automation framework for use with native, hybrid and mobile web apps."
CAR033,Systems Engineer,SK021,Linux,Systems,Critical,Yes,No,"Open-source operating system widely used for servers, cloud infrastructure, and development."
CAR033,Systems Engineer,SK086,Windows Server,Systems,High,Yes,No,Group of operating systems designed by Microsoft that supports enterprise-level management.
CAR033,Systems Engineer,SK061,Bash Scripting,Systems,High,Yes,No,Command language and Unix shell used for automating system administration tasks.
CAR033,Systems Engineer,SK001,Python,Programming,High,Yes,Yes,"General-purpose programming language widely used for AI, machine learning, and backend development."
CAR033,Systems Engineer,SK006,Docker,DevOps,High,Yes,No,Containerization technology used to package applications and dependencies for consistent deployment.
CAR033,Systems Engineer,SK008,Kubernetes,DevOps,High,Yes,Yes,"Container orchestration platform for automating application deployment, scaling, and management."
CAR033,Systems Engineer,SK012,AWS,Cloud,High,Yes,No,Amazon Web Services cloud computing platform for deploying scalable applications.
CAR033,Systems Engineer,SK028,Azure,Cloud,High,Yes,No,Microsoft's public cloud computing platform providing a broad range of cloud services.
CAR033,Systems Engineer,SK030,Terraform,DevOps,Medium,Yes,Yes,"Infrastructure as code software tool for building, changing, and versioning infrastructure safely."
CAR033,Systems Engineer,SK088,VMware,Systems,High,Yes,No,Cloud computing and virtualization technology company.
CAR033,Systems Engineer,SK153,PowerShell,Systems,High,Yes,No,Task automation and configuration management program from Microsoft.
CAR034,Product Manager,SK069,Agile Methodologies,Management,Critical,Yes,No,Project management approaches focusing on iterative development and continuous feedback.
CAR034,Product Manager,SK070,Scrum,Management,High,Yes,No,"Agile framework for developing, delivering, and sustaining complex products."
CAR034,Product Manager,SK071,Jira,Management,High,Yes,No,Proprietary issue tracking product developed by Atlassian for bug tracking and agile project management.
CAR034,Product Manager,SK072,Product Strategy,Management,Critical,Yes,No,High-level plan describing what a business hopes to accomplish with its product.
CAR034,Product Manager,SK073,Data Analysis,Data Science,High,Yes,No,"Process of inspecting, cleansing, transforming, and modeling data to discover useful information."
CAR034,Product Manager,SK130,Usability Testing,UI/UX,Medium,Yes,No,Evaluating a product or service by testing it with representative users.
CAR034,Product Manager,SK129,User Research,UI/UX,High,Yes,No,Systematic study of target users and their requirements to add realistic contexts and insights to design processes.
CAR034,Product Manager,SK140,Requirements Gathering,Analytics,Critical,Yes,No,Process of determining user expectations for a new or modified product.
CAR034,Product Manager,SK143,Stakeholder Management,Management,Critical,Yes,No,Process of maintaining good relationships with the people who have most impact on your work.
CAR034,Product Manager,SK154,Roadmapping,Management,Critical,Yes,No,Process of creating a strategic plan that defines a goal or desired outcome and includes the major steps or milestones needed to reach it.
CAR035,Technical Product Manager,SK069,Agile Methodologies,Management,Critical,Yes,No,Project management approaches focusing on iterative development and continuous feedback.
CAR035,Technical Product Manager,SK070,Scrum,Management,High,Yes,No,"Agile framework for developing, delivering, and sustaining complex products."
CAR035,Technical Product Manager,SK071,Jira,Management,High,Yes,No,Proprietary issue tracking product developed by Atlassian for bug tracking and agile project management.
CAR035,Technical Product Manager,SK072,Product Strategy,Management,Critical,Yes,No,High-level plan describing what a business hopes to accomplish with its product.
CAR035,Technical Product Manager,SK019,REST APIs,Web Development,High,Yes,No,Architectural style for designing networked applications and integrating software services.
CAR035,Technical Product Manager,SK005,SQL,Database,High,Yes,No,"Query language used to store, retrieve, and analyze structured data in databases."
CAR035,Technical Product Manager,SK012,AWS,Cloud,Medium,Yes,No,Amazon Web Services cloud computing platform for deploying scalable applications.
CAR035,Technical Product Manager,SK144,System Design,Software Engineering,High,Yes,Yes,"Process of defining the architecture, modules, interfaces, and data for a system to satisfy specified requirements."
CAR035,Technical Product Manager,SK140,Requirements Gathering,Analytics,Critical,Yes,No,Process of determining user expectations for a new or modified product.
CAR035,Technical Product Manager,SK154,Roadmapping,Management,Critical,Yes,No,Process of creating a strategic plan that defines a goal or desired outcome and includes the major steps or milestones needed to reach it.
CAR035,Technical Product Manager,SK155,API Design,Software Engineering,High,Yes,No,Process of developing application programming interfaces (APIs) that expose data and application functionality.
CAR036,Computer Vision Engineer,SK001,Python,Programming,Critical,Yes,Yes,"General-purpose programming language widely used for AI, machine learning, and backend development."
CAR036,Computer Vision Engineer,SK003,Deep Learning,AI/ML,Critical,Yes,Yes,Machine learning approach based on multi-layer neural networks for complex data tasks.
CAR036,Computer Vision Engineer,SK004,PyTorch,AI/ML,Critical,Yes,Yes,Deep learning framework widely used for developing and training neural network models.
CAR036,Computer Vision Engineer,SK009,TensorFlow,AI/ML,High,Yes,Yes,Open-source machine learning framework for training and deploying deep neural networks.
CAR036,Computer Vision Engineer,SK156,OpenCV,AI/ML,Critical,Yes,No,Library of programming functions mainly aimed at real-time computer vision.
CAR036,Computer Vision Engineer,SK157,Image Processing,AI/ML,Critical,Yes,No,"Method to perform some operations on an image, in order to get an enhanced image or to extract some useful information from it."
CAR036,Computer Vision Engineer,SK158,Object Detection,AI/ML,High,Yes,Yes,Computer vision technique for locating instances of objects in images or videos.
CAR036,Computer Vision Engineer,SK159,Image Segmentation,AI/ML,High,Yes,Yes,Process of partitioning a digital image into multiple segments (sets of pixels).
CAR036,Computer Vision Engineer,SK040,NumPy,Data Science,High,Yes,No,Fundamental package for scientific computing with Python supporting large arrays and matrices.
CAR036,Computer Vision Engineer,SK006,Docker,DevOps,Medium,Yes,No,Containerization technology used to package applications and dependencies for consistent deployment.
CAR036,Computer Vision Engineer,SK007,Git,DevOps,High,Yes,No,Version control system used for tracking code changes and collaborating on software.
CAR037,NLP Engineer,SK001,Python,Programming,Critical,Yes,Yes,"General-purpose programming language widely used for AI, machine learning, and backend development."
CAR037,NLP Engineer,SK003,Deep Learning,AI/ML,Critical,Yes,Yes,Machine learning approach based on multi-layer neural networks for complex data tasks.
CAR037,NLP Engineer,SK004,PyTorch,AI/ML,Critical,Yes,Yes,Deep learning framework widely used for developing and training neural network models.
CAR037,NLP Engineer,SK009,TensorFlow,AI/ML,High,Yes,Yes,Open-source machine learning framework for training and deploying deep neural networks.
CAR037,NLP Engineer,SK037,Large Language Models,Generative AI,Critical,Yes,Yes,Advanced AI models trained on massive text datasets to understand and generate human language.
CAR037,NLP Engineer,SK160,Natural Language Processing,AI/ML,Critical,Yes,Yes,"Subfield of linguistics, computer science, and artificial intelligence concerned with the interactions between computers and human language."
CAR037,NLP Engineer,SK161,Hugging Face Transformers,AI/ML,Critical,Yes,Yes,"Library that provides thousands of pretrained models to perform tasks on different modalities such as text, vision, and audio."
CAR037,NLP Engineer,SK162,Text Classification,AI/ML,High,Yes,No,Machine learning technique that assigns a set of predefined categories to open-ended text.
CAR037,NLP Engineer,SK163,Named Entity Recognition,AI/ML,High,Yes,No,Subtask of information extraction that seeks to locate and classify named entities mentioned in unstructured text.
CAR037,NLP Engineer,SK040,NumPy,Data Science,High,Yes,No,Fundamental package for scientific computing with Python supporting large arrays and matrices.
CAR037,NLP Engineer,SK006,Docker,DevOps,Medium,Yes,No,Containerization technology used to package applications and dependencies for consistent deployment.
CAR038,Generative AI Engineer,SK001,Python,Programming,Critical,Yes,Yes,"General-purpose programming language widely used for AI, machine learning, and backend development."
CAR038,Generative AI Engineer,SK003,Deep Learning,AI/ML,High,Yes,Yes,Machine learning approach based on multi-layer neural networks for complex data tasks.
CAR038,Generative AI Engineer,SK004,PyTorch,AI/ML,High,Yes,Yes,Deep learning framework widely used for developing and training neural network models.
CAR038,Generative AI Engineer,SK036,Generative AI,Generative AI,Critical,Yes,Yes,"AI systems capable of generating text, images, or other media in response to prompts."
CAR038,Generative AI Engineer,SK037,Large Language Models,Generative AI,Critical,Yes,Yes,Advanced AI models trained on massive text datasets to understand and generate human language.
CAR038,Generative AI Engineer,SK161,Hugging Face Transformers,AI/ML,High,Yes,Yes,"Library that provides thousands of pretrained models to perform tasks on different modalities such as text, vision, and audio."
CAR038,Generative AI Engineer,SK164,Prompt Engineering,Generative AI,Critical,Yes,Yes,Process of structuring text that can be interpreted and understood by a generative AI model.
CAR038,Generative AI Engineer,SK165,LangChain,Generative AI,Critical,Yes,Yes,Framework designed to simplify the creation of applications using large language models.
CAR038,Generative AI Engineer,SK166,Diffusion Models,Generative AI,Medium,Yes,Yes,Class of latent variable models used for generating high-quality images and audio.
CAR038,Generative AI Engineer,SK006,Docker,DevOps,Medium,Yes,No,Containerization technology used to package applications and dependencies for consistent deployment.
CAR038,Generative AI Engineer,SK012,AWS,Cloud,Medium,Yes,No,Amazon Web Services cloud computing platform for deploying scalable applications.
CAR039,MLOps Engineer,SK001,Python,Programming,Critical,Yes,Yes,"General-purpose programming language widely used for AI, machine learning, and backend development."
CAR039,MLOps Engineer,SK039,MLOps,MLOps,Critical,Yes,Yes,"Practices for deploying, monitoring, and maintaining machine learning models in production."
CAR039,MLOps Engineer,SK006,Docker,DevOps,Critical,Yes,No,Containerization technology used to package applications and dependencies for consistent deployment.
CAR039,MLOps Engineer,SK008,Kubernetes,DevOps,Critical,Yes,Yes,"Container orchestration platform for automating application deployment, scaling, and management."
CAR039,MLOps Engineer,SK020,CI/CD,DevOps,Critical,Yes,No,Continuous integration and continuous deployment practices for automated software delivery.
CAR039,MLOps Engineer,SK012,AWS,Cloud,High,Yes,No,Amazon Web Services cloud computing platform for deploying scalable applications.
CAR039,MLOps Engineer,SK030,Terraform,DevOps,High,Yes,Yes,"Infrastructure as code software tool for building, changing, and versioning infrastructure safely."
CAR039,MLOps Engineer,SK007,Git,DevOps,High,Yes,No,Version control system used for tracking code changes and collaborating on software.
CAR039,MLOps Engineer,SK167,MLflow,MLOps,High,Yes,Yes,Open source platform for the machine learning lifecycle.
CAR039,MLOps Engineer,SK168,Kubeflow,MLOps,High,Yes,Yes,Machine learning toolkit for Kubernetes.
CAR039,MLOps Engineer,SK169,Model Monitoring,MLOps,Critical,Yes,Yes,Process of tracking the performance of machine learning models in production.
CAR040,Cloud Architect,SK012,AWS,Cloud,Critical,Yes,No,Amazon Web Services cloud computing platform for deploying scalable applications.
CAR040,Cloud Architect,SK028,Azure,Cloud,High,Yes,No,Microsoft's public cloud computing platform providing a broad range of cloud services.
CAR040,Cloud Architect,SK029,Google Cloud,Cloud,Medium,Yes,No,Suite of cloud computing services offered by Google.
CAR040,Cloud Architect,SK047,Software Architecture,Software Engineering,Critical,Yes,No,High-level structure of a software system and the discipline of creating such structures.
CAR040,Cloud Architect,SK144,System Design,Software Engineering,Critical,Yes,Yes,"Process of defining the architecture, modules, interfaces, and data for a system to satisfy specified requirements."
CAR040,Cloud Architect,SK145,Microservices,Software Engineering,High,Yes,Yes,Architectural style that structures an application as a collection of loosely coupled services.
CAR040,Cloud Architect,SK006,Docker,DevOps,High,Yes,No,Containerization technology used to package applications and dependencies for consistent deployment.
CAR040,Cloud Architect,SK008,Kubernetes,DevOps,High,Yes,Yes,"Container orchestration platform for automating application deployment, scaling, and management."
CAR040,Cloud Architect,SK030,Terraform,DevOps,High,Yes,Yes,"Infrastructure as code software tool for building, changing, and versioning infrastructure safely."
CAR040,Cloud Architect,SK021,Linux,Systems,High,Yes,No,"Open-source operating system widely used for servers, cloud infrastructure, and development."
CAR040,Cloud Architect,SK031,Network Security,Cybersecurity,High,Yes,No,Practices and technologies designed to protect the usability and integrity of networks.
CAR041,Information Security Manager,SK031,Network Security,Cybersecurity,Critical,Yes,No,Practices and technologies designed to protect the usability and integrity of networks.
CAR041,Information Security Manager,SK064,SIEM,Cybersecurity,High,Yes,No,Security information and event management for real-time analysis of security alerts.
CAR041,Information Security Manager,SK147,Security Architecture,Cybersecurity,Critical,Yes,No,"Design artifacts that describe how the security controls are positioned, and how they relate to the overall IT architecture."
CAR041,Information Security Manager,SK170,Risk Management,Cybersecurity,Critical,Yes,No,"Identification, evaluation, and prioritization of risks followed by coordinated and economical application of resources."
CAR041,Information Security Manager,SK171,"Compliance (ISO 27001, SOC 2)",Cybersecurity,Critical,Yes,No,Adhering to security standards and regulatory requirements.
CAR041,Information Security Manager,SK172,Incident Response,Cybersecurity,Critical,Yes,No,Approach to managing the aftermath of a security breach or cyberattack.
CAR041,Information Security Manager,SK173,Vulnerability Management,Cybersecurity,High,Yes,No,"Cyclical practice of identifying, classifying, prioritizing, remediating, and mitigating software vulnerabilities."
CAR041,Information Security Manager,SK174,Identity and Access Management,Cybersecurity,High,Yes,No,Framework of policies and technologies for ensuring that the proper people in an enterprise have the appropriate access to technology resources.
CAR041,Information Security Manager,SK021,Linux,Systems,Medium,Yes,No,"Open-source operating system widely used for servers, cloud infrastructure, and development."
CAR041,Information Security Manager,SK012,AWS,Cloud,High,Yes,No,Amazon Web Services cloud computing platform for deploying scalable applications.
CAR042,Network Administrator,SK031,Network Security,Cybersecurity,High,Yes,No,Practices and technologies designed to protect the usability and integrity of networks.
CAR042,Network Administrator,SK175,Routing and Switching,Systems,Critical,Yes,No,Process of moving packets across a network from one host to a another.
CAR042,Network Administrator,SK176,Cisco IOS,Systems,High,Yes,No,Family of network operating systems used on many Cisco Systems routers and current Cisco network switches.
CAR042,Network Administrator,SK177,Firewalls,Cybersecurity,Critical,Yes,No,Network security system that monitors and controls incoming and outgoing network traffic.
CAR042,Network Administrator,SK178,VPNs,Cybersecurity,High,Yes,No,Virtual private network that extends a private network across a public network.
CAR042,Network Administrator,SK179,Network Monitoring,Systems,High,Yes,No,Use of a system that constantly monitors a computer network for slow or failing components.
CAR042,Network Administrator,SK180,TCP/IP,Systems,Critical,Yes,No,Conceptual model and set of communications protocols used in the Internet and similar computer networks.
CAR042,Network Administrator,SK021,Linux,Systems,Medium,Yes,No,"Open-source operating system widely used for servers, cloud infrastructure, and development."
CAR042,Network Administrator,SK086,Windows Server,Systems,Medium,Yes,No,Group of operating systems designed by Microsoft that supports enterprise-level management.
CAR042,Network Administrator,SK181,Wireshark,Systems,High,Yes,No,Free and open-source packet analyzer.
CAR043,Systems Administrator,SK021,Linux,Systems,Critical,Yes,No,"Open-source operating system widely used for servers, cloud infrastructure, and development."
CAR043,Systems Administrator,SK086,Windows Server,Systems,Critical,Yes,No,Group of operating systems designed by Microsoft that supports enterprise-level management.
CAR043,Systems Administrator,SK087,Active Directory,Systems,Critical,Yes,No,Directory service developed by Microsoft for Windows domain networks.
CAR043,Systems Administrator,SK088,VMware,Systems,High,Yes,No,Cloud computing and virtualization technology company.
CAR043,Systems Administrator,SK061,Bash Scripting,Systems,High,Yes,No,Command language and Unix shell used for automating system administration tasks.
CAR043,Systems Administrator,SK153,PowerShell,Systems,High,Yes,No,Task automation and configuration management program from Microsoft.
CAR043,Systems Administrator,SK182,Backup and Recovery,Systems,Critical,Yes,No,Process of creating and storing copies of data that can be used to protect organizations against data loss.
CAR043,Systems Administrator,SK183,System Monitoring,Systems,High,Yes,No,Process of tracking the resources and performance of a computer system.
CAR043,Systems Administrator,SK012,AWS,Cloud,Medium,Yes,No,Amazon Web Services cloud computing platform for deploying scalable applications.
CAR043,Systems Administrator,SK028,Azure,Cloud,Medium,Yes,No,Microsoft's public cloud computing platform providing a broad range of cloud services.
CAR044,IT Support Specialist,SK086,Windows Server,Systems,High,Yes,No,Group of operating systems designed by Microsoft that supports enterprise-level management.
CAR044,IT Support Specialist,SK087,Active Directory,Systems,High,Yes,No,Directory service developed by Microsoft for Windows domain networks.
CAR044,IT Support Specialist,SK184,Troubleshooting,Systems,Critical,Yes,No,"Form of problem solving, often applied to repair failed products or processes on a machine or a system."
CAR044,IT Support Specialist,SK185,Help Desk Software,Systems,High,Yes,No,Software that allows businesses to resolve customer queries faster and more efficiently.
CAR044,IT Support Specialist,SK186,Hardware Maintenance,Systems,High,Yes,No,Process of keeping computer hardware in good working order.
CAR044,IT Support Specialist,SK187,Office 365 Administration,Systems,Critical,Yes,No,Management of Microsoft Office 365 services and subscriptions.
CAR044,IT Support Specialist,SK188,Customer Service,Soft Skills,Critical,Yes,No,Assistance and advice provided by a company to those people who buy or use its products or services.
CAR044,IT Support Specialist,SK189,Network Troubleshooting,Systems,High,Yes,No,"Process of measuring, identifying, and resolving network-related issues."
CAR044,IT Support Specialist,SK021,Linux,Systems,Medium,Yes,No,"Open-source operating system widely used for servers, cloud infrastructure, and development."
CAR044,IT Support Specialist,SK190,Mobile Device Management,Systems,Medium,Yes,No,"Administration of mobile devices, such as smartphones, tablet computers and laptops."
CAR045,Technical Support Engineer,SK184,Troubleshooting,Systems,Critical,Yes,No,"Form of problem solving, often applied to repair failed products or processes on a machine or a system."
CAR045,Technical Support Engineer,SK005,SQL,Database,High,Yes,No,"Query language used to store, retrieve, and analyze structured data in databases."
CAR045,Technical Support Engineer,SK021,Linux,Systems,High,Yes,No,"Open-source operating system widely used for servers, cloud infrastructure, and development."
CAR045,Technical Support Engineer,SK019,REST APIs,Web Development,Medium,Yes,No,Architectural style for designing networked applications and integrating software services.
CAR045,Technical Support Engineer,SK185,Help Desk Software,Systems,High,Yes,No,Software that allows businesses to resolve customer queries faster and more efficiently.
CAR045,Technical Support Engineer,SK189,Network Troubleshooting,Systems,High,Yes,No,"Process of measuring, identifying, and resolving network-related issues."
CAR045,Technical Support Engineer,SK191,Log Analysis,Systems,Critical,Yes,No,"Process of reviewing, interpreting, and understanding computer-generated records called logs."
CAR045,Technical Support Engineer,SK001,Python,Programming,Medium,Yes,Yes,"General-purpose programming language widely used for AI, machine learning, and backend development."
CAR045,Technical Support Engineer,SK012,AWS,Cloud,Medium,Yes,No,Amazon Web Services cloud computing platform for deploying scalable applications.
CAR045,Technical Support Engineer,SK188,Customer Service,Soft Skills,Critical,Yes,No,Assistance and advice provided by a company to those people who buy or use its products or services.
CAR046,Application Security Engineer,SK001,Python,Programming,High,Yes,Yes,"General-purpose programming language widely used for AI, machine learning, and backend development."
CAR046,Application Security Engineer,SK005,SQL,Database,Medium,Yes,No,"Query language used to store, retrieve, and analyze structured data in databases."
CAR046,Application Security Engineer,SK007,Git,DevOps,High,Yes,No,Version control system used for tracking code changes and collaborating on software.
CAR046,Application Security Engineer,SK020,CI/CD,DevOps,High,Yes,No,Continuous integration and continuous deployment practices for automated software delivery.
CAR046,Application Security Engineer,SK063,Penetration Testing,Cybersecurity,High,Yes,No,"Practice of testing a computer system, network or web application to find security vulnerabilities."
CAR046,Application Security Engineer,SK006,Docker,DevOps,Medium,Yes,No,Containerization technology used to package applications and dependencies for consistent deployment.
CAR046,Application Security Engineer,SK012,AWS,Cloud,Medium,Yes,No,Amazon Web Services cloud computing platform for deploying scalable applications.
CAR046,Application Security Engineer,SK031,Network Security,Cybersecurity,High,Yes,No,Practices and technologies designed to protect the usability and integrity of networks.
CAR046,Application Security Engineer,SK065,Ethical Hacking,Cybersecurity,High,Yes,No,Lawful and authorized bypassing of system security to identify potential data breaches.
CAR046,Application Security Engineer,SK019,REST APIs,Web Development,High,Yes,No,Architectural style for designing networked applications and integrating software services.
CAR046,Application Security Engineer,SK192,Application Security,Cybersecurity,Critical,Yes,Yes,Integration of security practices and tools into the software development lifecycle.
CAR046,Application Security Engineer,SK193,Cryptography,Cybersecurity,Medium,Yes,No,Practice and study of techniques for secure communication in the presence of adversarial behavior.
CAR046,Application Security Engineer,SK194,OWASP,Cybersecurity,Critical,Yes,Yes,Knowledge of the Open Worldwide Application Security Project guidelines and top vulnerabilities.
CAR046,Application Security Engineer,SK195,Static Analysis,Cybersecurity,High,Yes,No,Method of computer program debugging that is done by examining the code without executing the program.
CAR046,Application Security Engineer,SK196,Dynamic Analysis,Cybersecurity,High,Yes,No,Testing and evaluation of a program by executing data in real-time.
CAR047,Incident Responder,SK001,Python,Programming,High,Yes,Yes,"General-purpose programming language widely used for AI, machine learning, and backend development."
CAR047,Incident Responder,SK021,Linux,Systems,Critical,Yes,No,"Open-source operating system widely used for servers, cloud infrastructure, and development."
CAR047,Incident Responder,SK031,Network Security,Cybersecurity,Critical,Yes,No,Practices and technologies designed to protect the usability and integrity of networks.
CAR047,Incident Responder,SK064,SIEM,Cybersecurity,Critical,Yes,No,Security information and event management for real-time analysis of security alerts.
CAR047,Incident Responder,SK191,Log Analysis,Systems,High,Yes,No,"Process of reviewing, interpreting, and understanding computer-generated records called logs."
CAR047,Incident Responder,SK181,Wireshark,Systems,High,Yes,No,Free and open-source packet analyzer.
CAR047,Incident Responder,SK197,Malware Analysis,Cybersecurity,High,Yes,No,"Study or process of determining the functionality, origin, and potential impact of a given malware sample."
CAR047,Incident Responder,SK198,Digital Forensics,Cybersecurity,Critical,Yes,No,"Recovery and investigation of material found in digital devices, often in relation to computer crime."
CAR047,Incident Responder,SK061,Bash Scripting,Systems,High,Yes,No,Command language and Unix shell used for automating system administration tasks.
CAR047,Incident Responder,SK012,AWS,Cloud,Medium,Yes,No,Amazon Web Services cloud computing platform for deploying scalable applications.
CAR047,Incident Responder,SK199,Threat Intelligence,Cybersecurity,High,Yes,Yes,Information that allows organizations to understand the risks of the most common and severe external threats.
CAR048,Cryptographer,SK001,Python,Programming,High,Yes,Yes,"General-purpose programming language widely used for AI, machine learning, and backend development."
CAR048,Cryptographer,SK014,C++,Programming,High,No,No,General-purpose programming language known for performance and system-level control.
CAR048,Cryptographer,SK193,Cryptography,Cybersecurity,Critical,Yes,Yes,Practice and study of techniques for secure communication in the presence of adversarial behavior.
CAR048,Cryptographer,SK200,Mathematics,Data Science,Critical,Yes,No,Advanced mathematical concepts including number theory and abstract algebra used in algorithm design.
CAR048,Cryptographer,SK201,Algorithms,Programming,Critical,Yes,No,"Set of instructions designed to perform a specific task, essential for secure data encryption."
CAR048,Cryptographer,SK031,Network Security,Cybersecurity,High,Yes,No,Practices and technologies designed to protect the usability and integrity of networks.
CAR048,Cryptographer,SK202,PKI,Cybersecurity,High,Yes,No,Public Key Infrastructure used to manage digital certificates and public-key encryption.
CAR048,Cryptographer,SK203,Security Protocols,Cybersecurity,Critical,Yes,No,Rules and procedures governing the secure exchange of data over a network.
CAR048,Cryptographer,SK075,Ethereum,Blockchain,Medium,Yes,Yes,"Decentralized, open-source blockchain with smart contract functionality."
CAR049,Data Warehouse Engineer,SK005,SQL,Database,Critical,Yes,No,"Query language used to store, retrieve, and analyze structured data in databases."
CAR049,Data Warehouse Engineer,SK001,Python,Programming,High,Yes,Yes,"General-purpose programming language widely used for AI, machine learning, and backend development."
CAR049,Data Warehouse Engineer,SK025,ETL,Data Engineering,Critical,Yes,No,"Extract, Transform, Load processes for migrating and preparing data for analysis."
CAR049,Data Warehouse Engineer,SK024,Data Warehousing,Data Engineering,Critical,Yes,No,Central repositories of integrated data from one or more disparate sources.
CAR049,Data Warehouse Engineer,SK046,Snowflake,Data Engineering,Critical,Yes,Yes,Cloud-based data warehousing platform designed for massive scale and performance.
CAR049,Data Warehouse Engineer,SK012,AWS,Cloud,High,Yes,No,Amazon Web Services cloud computing platform for deploying scalable applications.
CAR049,Data Warehouse Engineer,SK028,Azure,Cloud,Medium,Yes,No,Microsoft's public cloud computing platform providing a broad range of cloud services.
CAR049,Data Warehouse Engineer,SK023,PostgreSQL,Database,High,Yes,No,"Advanced, enterprise-class open-source relational database system."
CAR049,Data Warehouse Engineer,SK045,Data Modeling,Data Engineering,Critical,Yes,No,Process of creating a conceptual representation of data structures and their relationships.
CAR049,Data Warehouse Engineer,SK011,Apache Spark,Data Engineering,High,Yes,No,Unified analytics engine for large-scale data processing and distributed computing.
CAR049,Data Warehouse Engineer,SK204,Apache Airflow,Data Engineering,High,Yes,Yes,"Open-source platform created by the community to programmatically author, schedule, and monitor workflows."
CAR049,Data Warehouse Engineer,SK020,CI/CD,DevOps,Medium,Yes,No,Continuous integration and continuous deployment practices for automated software delivery.
CAR049,Data Warehouse Engineer,SK007,Git,DevOps,High,Yes,No,Version control system used for tracking code changes and collaborating on software.
CAR050,Big Data Engineer,SK001,Python,Programming,Critical,Yes,Yes,"General-purpose programming language widely used for AI, machine learning, and backend development."
CAR050,Big Data Engineer,SK013,Java,Programming,High,Yes,No,"High-level, class-based, object-oriented programming language widely used for enterprise applications."
CAR050,Big Data Engineer,SK011,Apache Spark,Data Engineering,Critical,Yes,Yes,Unified analytics engine for large-scale data processing and distributed computing.
CAR050,Big Data Engineer,SK205,Hadoop,Data Engineering,High,Yes,No,Collection of open-source software utilities that facilitate using a network of many computers to solve problems.
CAR050,Big Data Engineer,SK005,SQL,Database,Critical,Yes,No,"Query language used to store, retrieve, and analyze structured data in databases."
CAR050,Big Data Engineer,SK012,AWS,Cloud,High,Yes,No,Amazon Web Services cloud computing platform for deploying scalable applications.
CAR050,Big Data Engineer,SK024,Data Warehousing,Data Engineering,High,Yes,No,Central repositories of integrated data from one or more disparate sources.
CAR050,Big Data Engineer,SK025,ETL,Data Engineering,Critical,Yes,No,"Extract, Transform, Load processes for migrating and preparing data for analysis."
CAR050,Big Data Engineer,SK206,Apache Kafka,Data Engineering,High,Yes,Yes,Distributed event streaming platform used for high-performance data pipelines and streaming analytics.
CAR050,Big Data Engineer,SK022,MongoDB,Database,Medium,Yes,No,NoSQL document database designed for scalability and flexible data schemas.
CAR050,Big Data Engineer,SK021,Linux,Systems,High,Yes,No,"Open-source operating system widely used for servers, cloud infrastructure, and development."
CAR050,Big Data Engineer,SK006,Docker,DevOps,Medium,Yes,No,Containerization technology used to package applications and dependencies for consistent deployment.
CAR050,Big Data Engineer,SK008,Kubernetes,DevOps,Medium,Yes,Yes,"Container orchestration platform for automating application deployment, scaling, and management."
CAR051,Business Intelligence Developer,SK005,SQL,Database,Critical,Yes,No,"Query language used to store, retrieve, and analyze structured data in databases."
CAR051,Business Intelligence Developer,SK042,Data Visualization,Data Science,Critical,Yes,No,Graphical representation of information and data to highlight patterns and trends.
CAR051,Business Intelligence Developer,SK207,Tableau,Analytics,Critical,Yes,Yes,Interactive data visualization software focused on business intelligence.
CAR051,Business Intelligence Developer,SK208,Power BI,Analytics,Critical,Yes,Yes,Interactive data visualization software product developed by Microsoft with a primary focus on business intelligence.
CAR051,Business Intelligence Developer,SK001,Python,Programming,High,Yes,Yes,"General-purpose programming language widely used for AI, machine learning, and backend development."
CAR051,Business Intelligence Developer,SK045,Data Modeling,Data Engineering,High,Yes,No,Process of creating a conceptual representation of data structures and their relationships.
CAR051,Business Intelligence Developer,SK025,ETL,Data Engineering,High,Yes,No,"Extract, Transform, Load processes for migrating and preparing data for analysis."
CAR051,Business Intelligence Developer,SK024,Data Warehousing,Data Engineering,High,Yes,No,Central repositories of integrated data from one or more disparate sources.
CAR051,Business Intelligence Developer,SK046,Snowflake,Data Engineering,Medium,Yes,Yes,Cloud-based data warehousing platform designed for massive scale and performance.
CAR051,Business Intelligence Developer,SK209,Excel,Analytics,High,Yes,No,Spreadsheet software by Microsoft used for data analysis and visualization.
CAR051,Business Intelligence Developer,SK041,Statistics,Data Science,Medium,Yes,No,"Mathematical science pertaining to the collection, analysis, interpretation, and presentation of data."
CAR052,Quantitative Analyst,SK001,Python,Programming,Critical,Yes,Yes,"General-purpose programming language widely used for AI, machine learning, and backend development."
CAR052,Quantitative Analyst,SK014,C++,Programming,High,No,No,General-purpose programming language known for performance and system-level control.
CAR052,Quantitative Analyst,SK044,R,Programming,High,No,No,Programming language and free software environment for statistical computing and graphics.
CAR052,Quantitative Analyst,SK041,Statistics,Data Science,Critical,Yes,No,"Mathematical science pertaining to the collection, analysis, interpretation, and presentation of data."
CAR052,Quantitative Analyst,SK200,Mathematics,Data Science,Critical,Yes,No,Advanced mathematical concepts including calculus and linear algebra for financial modeling.
CAR052,Quantitative Analyst,SK002,Machine Learning,AI/ML,High,Yes,Yes,Methods for building systems that learn patterns from data and make predictions.
CAR052,Quantitative Analyst,SK073,Data Analysis,Data Science,Critical,Yes,No,"Process of inspecting, cleansing, transforming, and modeling data to discover useful information."
CAR052,Quantitative Analyst,SK005,SQL,Database,High,Yes,No,"Query language used to store, retrieve, and analyze structured data in databases."
CAR052,Quantitative Analyst,SK201,Algorithms,Programming,Critical,Yes,No,"Set of instructions designed to perform a specific task, essential for trading strategies."
CAR052,Quantitative Analyst,SK010,Pandas,Data Science,High,Yes,No,Data manipulation and analysis library for Python providing high-performance data structures.
CAR052,Quantitative Analyst,SK040,NumPy,Data Science,High,Yes,No,Fundamental package for scientific computing with Python supporting large arrays and matrices.
CAR052,Quantitative Analyst,SK210,Time Series Analysis,Data Science,Critical,Yes,No,Statistical techniques used to analyze time series data to extract meaningful statistics and characteristics.
CAR053,Firmware Engineer,SK211,C,Programming,Critical,Yes,No,"General-purpose, procedural computer programming language supporting structured programming."
CAR053,Firmware Engineer,SK014,C++,Programming,High,No,No,General-purpose programming language known for performance and system-level control.
CAR053,Firmware Engineer,SK212,Embedded C,Embedded Systems,Critical,Yes,No,Set of language extensions for the C programming language by the C Standards Committee to address commonality issues.
CAR053,Firmware Engineer,SK213,Microcontrollers,Embedded Systems,Critical,Yes,No,Small computer on a single metal-oxide-semiconductor integrated circuit chip.
CAR053,Firmware Engineer,SK214,RTOS,Embedded Systems,Critical,Yes,No,Real-time operating system intended to serve real-time applications that process data as it comes in.
CAR053,Firmware Engineer,SK001,Python,Programming,Medium,Yes,Yes,"General-purpose programming language widely used for AI, machine learning, and backend development."
CAR053,Firmware Engineer,SK007,Git,DevOps,High,Yes,No,Version control system used for tracking code changes and collaborating on software.
CAR053,Firmware Engineer,SK215,Hardware Debugging,Embedded Systems,High,Yes,No,Process of finding and resolving defects or problems within a physical hardware system.
CAR053,Firmware Engineer,SK216,IoT,IoT,Medium,Yes,Yes,"Network of physical objects embedded with sensors, software, and other technologies."
CAR053,Firmware Engineer,SK217,ARM Cortex,Embedded Systems,High,Yes,No,Group of 32-bit and 64-bit RISC ARM processor cores licensed by Arm Holdings.
CAR053,Firmware Engineer,SK021,Linux,Systems,High,Yes,No,"Open-source operating system widely used for servers, cloud infrastructure, and development."
CAR053,Firmware Engineer,SK218,SPI/I2C,Embedded Systems,High,Yes,No,Synchronous serial communication interface specifications used for short-distance communication.
CAR054,Hardware Engineer,SK219,Circuit Design,Electronics,Critical,Yes,No,Process of designing electronic circuits to perform specific functions.
CAR054,Hardware Engineer,SK220,PCB Design,Electronics,Critical,Yes,No,Process of designing printed circuit boards that mechanically support and electrically connect electronic components.
CAR054,Hardware Engineer,SK221,VHDL,VLSI,Medium,No,No,Hardware description language used in electronic design automation to describe digital and mixed-signal systems.
CAR054,Hardware Engineer,SK222,Verilog,VLSI,Medium,No,No,Hardware description language used to model electronic systems.
CAR054,Hardware Engineer,SK211,C,Programming,Medium,Yes,No,"General-purpose, procedural computer programming language supporting structured programming."
CAR054,Hardware Engineer,SK213,Microcontrollers,Embedded Systems,High,Yes,No,Small computer on a single metal-oxide-semiconductor integrated circuit chip.
CAR054,Hardware Engineer,SK223,Oscilloscopes,Electronics,High,Yes,No,Type of electronic test instrument that graphically displays varying signal voltages.
CAR054,Hardware Engineer,SK224,FPGA,VLSI,Medium,Yes,No,Field-programmable gate array designed to be configured by a customer or a designer after manufacturing.
CAR054,Hardware Engineer,SK225,Altium,Electronics,High,Yes,No,Software package for printed circuit board design.
CAR054,Hardware Engineer,SK001,Python,Programming,Medium,Yes,Yes,"General-purpose programming language widely used for AI, machine learning, and backend development."
CAR054,Hardware Engineer,SK226,Soldering,Electronics,High,Yes,No,Process in which two or more items are joined together by melting and putting a filler metal into the joint.
CAR055,FPGA Designer,SK221,VHDL,VLSI,Critical,No,No,Hardware description language used in electronic design automation to describe digital and mixed-signal systems.
CAR055,FPGA Designer,SK222,Verilog,VLSI,Critical,No,No,Hardware description language used to model electronic systems.
CAR055,FPGA Designer,SK227,SystemVerilog,VLSI,High,Yes,No,"Hardware description and hardware verification language used to model, design, simulate, test and implement electronic systems."
CAR055,FPGA Designer,SK224,FPGA,VLSI,Critical,Yes,No,Field-programmable gate array designed to be configured by a customer or a designer after manufacturing.
CAR055,FPGA Designer,SK228,RTL Design,VLSI,Critical,Yes,No,Register-transfer level design abstraction which models a synchronous digital circuit.
CAR055,FPGA Designer,SK211,C,Programming,Medium,Yes,No,"General-purpose, procedural computer programming language supporting structured programming."
CAR055,FPGA Designer,SK014,C++,Programming,Medium,No,No,General-purpose programming language known for performance and system-level control.
CAR055,FPGA Designer,SK001,Python,Programming,Medium,Yes,Yes,"General-purpose programming language widely used for AI, machine learning, and backend development."
CAR055,FPGA Designer,SK229,Digital Electronics,Electronics,Critical,Yes,No,Field of electronics involving the study of digital signals and the engineering of devices that use or produce them.
CAR055,FPGA Designer,SK230,Xilinx,VLSI,High,Yes,No,American technology company that primarily supplied programmable logic devices.
CAR055,FPGA Designer,SK231,Timing Analysis,VLSI,High,Yes,No,Method of computing the expected timing of a digital circuit without requiring a simulation.
CAR056,AR/VR Developer,SK078,C#,Programming,Critical,Yes,No,"Modern, object-oriented, and type-safe programming language."
CAR056,AR/VR Developer,SK014,C++,Programming,High,No,No,General-purpose programming language known for performance and system-level control.
CAR056,AR/VR Developer,SK077,Unity,Game Development,Critical,Yes,Yes,Cross-platform game engine developed by Unity Technologies.
CAR056,AR/VR Developer,SK079,Unreal Engine,Game Development,High,Yes,Yes,3D computer graphics game engine developed by Epic Games.
CAR056,AR/VR Developer,SK080,3D Modeling,Game Development,Medium,Yes,No,Process of developing a mathematical representation of any surface of an object in three dimensions.
CAR056,AR/VR Developer,SK232,Computer Vision,AI/ML,High,Yes,Yes,Interdisciplinary scientific field that deals with how computers can gain high-level understanding from digital images or videos.
CAR056,AR/VR Developer,SK233,ARKit,Mobile Development,High,Yes,No,Apple's augmented reality platform for iOS devices.
CAR056,AR/VR Developer,SK234,ARCore,Mobile Development,High,Yes,No,Google's software development kit that allows for augmented reality applications to be built.
CAR056,AR/VR Developer,SK001,Python,Programming,Medium,Yes,Yes,"General-purpose programming language widely used for AI, machine learning, and backend development."
CAR056,AR/VR Developer,SK007,Git,DevOps,High,Yes,No,Version control system used for tracking code changes and collaborating on software.
CAR056,AR/VR Developer,SK200,Mathematics,Data Science,Medium,Yes,No,Mathematical concepts essential for 3D transformations and physics simulations.
CAR056,AR/VR Developer,SK235,OpenGL,Game Development,Medium,No,No,"Cross-language, cross-platform application programming interface for rendering 2D and 3D vector graphics."
CAR057,3D Graphics Engineer,SK014,C++,Programming,Critical,No,No,General-purpose programming language known for performance and system-level control.
CAR057,3D Graphics Engineer,SK078,C#,Programming,High,Yes,No,"Modern, object-oriented, and type-safe programming language."
CAR057,3D Graphics Engineer,SK235,OpenGL,Game Development,High,No,No,"Cross-language, cross-platform application programming interface for rendering 2D and 3D vector graphics."
CAR057,3D Graphics Engineer,SK236,DirectX,Game Development,High,Yes,No,Collection of application programming interfaces for handling tasks related to multimedia on Microsoft platforms.
CAR057,3D Graphics Engineer,SK237,Vulkan,Game Development,High,Yes,Yes,"Low-overhead, cross-platform 3D graphics and computing API."
CAR057,3D Graphics Engineer,SK200,Mathematics,Data Science,Critical,Yes,No,Advanced mathematics including linear algebra and calculus for 3D rendering algorithms.
CAR057,3D Graphics Engineer,SK080,3D Modeling,Game Development,Medium,Yes,No,Process of developing a mathematical representation of any surface of an object in three dimensions.
CAR057,3D Graphics Engineer,SK238,Shader Programming,Game Development,Critical,Yes,No,Writing computer programs that are used to do shading in 3D scenes.
CAR057,3D Graphics Engineer,SK001,Python,Programming,Medium,Yes,Yes,"General-purpose programming language widely used for AI, machine learning, and backend development."
CAR057,3D Graphics Engineer,SK239,GPU Architecture,Systems,High,Yes,No,Understanding of graphics processing unit design and optimization techniques.
CAR057,3D Graphics Engineer,SK077,Unity,Game Development,Medium,Yes,Yes,Cross-platform game engine developed by Unity Technologies.
CAR057,3D Graphics Engineer,SK079,Unreal Engine,Game Development,Medium,Yes,Yes,3D computer graphics game engine developed by Epic Games.
CAR058,Web3 Architect,SK074,Solidity,Blockchain,Critical,Yes,Yes,Object-oriented programming language for writing smart contracts on various blockchain platforms.
CAR058,Web3 Architect,SK240,Rust,Programming,High,Yes,Yes,"Multi-paradigm, general-purpose programming language designed for performance and safety."
CAR058,Web3 Architect,SK076,Smart Contracts,Blockchain,Critical,Yes,Yes,Self-executing contracts with the terms of the agreement directly written into lines of code.
CAR058,Web3 Architect,SK075,Ethereum,Blockchain,Critical,Yes,Yes,"Decentralized, open-source blockchain with smart contract functionality."
CAR058,Web3 Architect,SK241,Blockchain,Blockchain,Critical,Yes,Yes,"Growing list of records, called blocks, that are linked using cryptography."
CAR058,Web3 Architect,SK242,Distributed Systems,Systems,Critical,Yes,No,System whose components are located on different networked computers.
CAR058,Web3 Architect,SK193,Cryptography,Cybersecurity,High,Yes,No,Practice and study of techniques for secure communication in the presence of adversarial behavior.
CAR058,Web3 Architect,SK015,JavaScript,Programming,High,Yes,No,"Core programming language of the Web, used for interactive and dynamic content."
CAR058,Web3 Architect,SK050,TypeScript,Programming,High,Yes,Yes,Strongly typed programming language that builds on JavaScript for larger scale applications.
CAR058,Web3 Architect,SK243,Web3.js,Blockchain,High,Yes,Yes,Collection of libraries that allow interaction with a local or remote Ethereum node.
CAR058,Web3 Architect,SK012,AWS,Cloud,Medium,Yes,No,Amazon Web Services cloud computing platform for deploying scalable applications.
CAR058,Web3 Architect,SK047,Software Architecture,Software Engineering,Critical,Yes,No,High-level structure of a software system and the discipline of creating such structures.
CAR059,Decentralized App Developer,SK015,JavaScript,Programming,Critical,Yes,No,"Core programming language of the Web, used for interactive and dynamic content."
CAR059,Decentralized App Developer,SK050,TypeScript,Programming,High,Yes,Yes,Strongly typed programming language that builds on JavaScript for larger scale applications.
CAR059,Decentralized App Developer,SK016,React,Web Development,Critical,Yes,Yes,JavaScript library for building user interfaces based on UI components.
CAR059,Decentralized App Developer,SK074,Solidity,Blockchain,Critical,Yes,Yes,Object-oriented programming language for writing smart contracts on various blockchain platforms.
CAR059,Decentralized App Developer,SK243,Web3.js,Blockchain,High,Yes,Yes,Collection of libraries that allow interaction with a local or remote Ethereum node.
CAR059,Decentralized App Developer,SK244,Ethers.js,Blockchain,High,Yes,Yes,Library for interacting with the Ethereum Blockchain and its ecosystem.
CAR059,Decentralized App Developer,SK018,HTML/CSS,Web Development,High,Yes,No,Fundamental technologies for structuring and styling content on the World Wide Web.
CAR059,Decentralized App Developer,SK017,Node.js,Web Development,High,Yes,No,JavaScript runtime built on Chrome's V8 engine for executing code server-side.
CAR059,Decentralized App Developer,SK007,Git,DevOps,High,Yes,No,Version control system used for tracking code changes and collaborating on software.
CAR059,Decentralized App Developer,SK076,Smart Contracts,Blockchain,Critical,Yes,Yes,Self-executing contracts with the terms of the agreement directly written into lines of code.
CAR059,Decentralized App Developer,SK241,Blockchain,Blockchain,High,Yes,Yes,"Growing list of records, called blocks, that are linked using cryptography."
CAR060,Engineering Manager,SK047,Software Architecture,Software Engineering,Critical,Yes,No,High-level structure of a software system and the discipline of creating such structures.
CAR060,Engineering Manager,SK069,Agile Methodologies,Management,Critical,Yes,No,Project management approaches focusing on iterative development and continuous feedback.
CAR060,Engineering Manager,SK020,CI/CD,DevOps,High,Yes,No,Continuous integration and continuous deployment practices for automated software delivery.
CAR060,Engineering Manager,SK007,Git,DevOps,High,Yes,No,Version control system used for tracking code changes and collaborating on software.
CAR060,Engineering Manager,SK012,AWS,Cloud,High,Yes,No,Amazon Web Services cloud computing platform for deploying scalable applications.
CAR060,Engineering Manager,SK245,Software Development Lifecycle,Software Engineering,Critical,Yes,No,"Process for planning, creating, testing, and deploying an information system."
CAR060,Engineering Manager,SK001,Python,Programming,Medium,Yes,Yes,"General-purpose programming language widely used for AI, machine learning, and backend development."
CAR060,Engineering Manager,SK005,SQL,Database,Medium,Yes,No,"Query language used to store, retrieve, and analyze structured data in databases."
CAR060,Engineering Manager,SK246,Project Management,Management,Critical,Yes,No,Practice of leading the work of a team to achieve goals and meet success criteria.
CAR060,Engineering Manager,SK247,Code Review,Software Engineering,Critical,Yes,No,Systematic examination of computer source code intended to find mistakes overlooked in development.
CAR060,Engineering Manager,SK248,Cloud Computing,Cloud,High,Yes,No,"On-demand availability of computer system resources, especially data storage and computing power."