career\_id,career\_title,career_domain,interest\_type,interest\_score,interest\_description,career\_description,,
CAR001,AI Engineer,Artificial Intelligence,Investigative,4.9,Requires strong interest in research and solving complex algorithms.,AI Engineers design and deploy artificial intelligence systems using machine learning and deep learning.,,
CAR001,AI Engineer,Artificial Intelligence,Realistic,3.8,Involves practical implementation of AI models into production environments.,AI Engineers design and deploy artificial intelligence systems using machine learning and deep learning.,,
CAR001,AI Engineer,Artificial Intelligence,Conventional,3.4,Requires structured data management and organized code repositories.,AI Engineers design and deploy artificial intelligence systems using machine learning and deep learning.,,
CAR001,AI Engineer,Artificial Intelligence,Enterprising,2.8,Involves aligning AI capabilities with broader business objectives.,AI Engineers design and deploy artificial intelligence systems using machine learning and deep learning.,,
CAR002,Machine Learning Engineer,Artificial Intelligence,Investigative,4.8,Focuses heavily on data analysis and algorithmic experimentation.,Machine Learning Engineers build and optimize scalable machine learning models for production.,,
CAR002,Machine Learning Engineer,Artificial Intelligence,Conventional,3.9,Requires rigorous documentation and structured model evaluation processes.,Machine Learning Engineers build and optimize scalable machine learning models for production.,,
CAR002,Machine Learning Engineer,Artificial Intelligence,Realistic,3.5,Involves hands-on deployment of models to cloud or edge hardware.,Machine Learning Engineers build and optimize scalable machine learning models for production.,,
CAR003,Data Scientist,Data Science,Investigative,4.9,Requires deep analytical thinking and mathematical modeling.,Data Scientists analyze large datasets to extract actionable insights and build predictive models.,,
CAR003,Data Scientist,Data Science,Conventional,4.1,Involves cleaning and organizing massive datasets for analysis.,Data Scientists analyze large datasets to extract actionable insights and build predictive models.,,
CAR003,Data Scientist,Data Science,Enterprising,3.2,Requires presenting findings to stakeholders to drive business strategy.,Data Scientists analyze large datasets to extract actionable insights and build predictive models.,,
CAR004,Data Engineer,Data Engineering,Conventional,4.8,Focuses on building structured and reliable data pipelines.,Data Engineers design and maintain scalable data architecture and processing systems.,,
CAR004,Data Engineer,Data Engineering,Investigative,4.2,Involves solving complex data transformation and integration challenges.,Data Engineers design and maintain scalable data architecture and processing systems.,,
CAR004,Data Engineer,Data Engineering,Realistic,3.5,Requires practical implementation of database servers and storage hardware.,Data Engineers design and maintain scalable data architecture and processing systems.,,
CAR005,Software Engineer,Software Engineering,Investigative,4.7,Requires logical problem solving and software architecture design.,Software Engineers develop and maintain robust software applications and systems.,,
CAR005,Software Engineer,Software Engineering,Realistic,4,Involves hands-on coding and building functional software systems.,Software Engineers develop and maintain robust software applications and systems.,,
CAR005,Software Engineer,Software Engineering,Conventional,3.6,Requires following structured coding standards and version control.,Software Engineers develop and maintain robust software applications and systems.,,
CAR006,Backend Developer,Software Engineering,Investigative,4.6,Focuses on server-side logic and algorithmic efficiency.,Backend Developers build the server-side logic and APIs that power web applications.,,
CAR006,Backend Developer,Software Engineering,Conventional,4.2,Requires structured database management and secure data handling.,Backend Developers build the server-side logic and APIs that power web applications.,,
CAR006,Backend Developer,Software Engineering,Realistic,3.8,Involves practical deployment of backend services to servers.,Backend Developers build the server-side logic and APIs that power web applications.,,
CAR007,Frontend Developer,Software Engineering,Artistic,4.5,Requires a strong eye for visual design and user interfaces.,Frontend Developers create the visual and interactive elements of web applications.,,
CAR007,Frontend Developer,Software Engineering,Investigative,4.1,Involves solving browser compatibility and client-side logic issues.,Frontend Developers create the visual and interactive elements of web applications.,,
CAR007,Frontend Developer,Software Engineering,Social,3.4,Requires collaboration with users and designers to improve accessibility.,Frontend Developers create the visual and interactive elements of web applications.,,
CAR008,Full Stack Developer,Software Engineering,Investigative,4.8,Requires solving problems across both client and server architectures.,Full Stack Developers build both the frontend and backend components of software applications.,,
CAR008,Full Stack Developer,Software Engineering,Artistic,3.9,Involves designing intuitive user interfaces for the frontend.,Full Stack Developers build both the frontend and backend components of software applications.,,
CAR008,Full Stack Developer,Software Engineering,Realistic,3.7,Requires hands-on implementation of complete functional systems.,Full Stack Developers build both the frontend and backend components of software applications.,,
CAR009,Mobile Application Developer,Software Engineering,Artistic,4.2,Focuses on creating engaging and responsive mobile user interfaces.,Mobile Application Developers design and build applications for iOS and Android devices.,,
CAR009,Mobile Application Developer,Software Engineering,Investigative,4.5,Requires optimizing mobile performance and battery usage algorithms.,Mobile Application Developers design and build applications for iOS and Android devices.,,
CAR009,Mobile Application Developer,Software Engineering,Social,3.5,Involves understanding user behavior to improve mobile experiences.,Mobile Application Developers design and build applications for iOS and Android devices.,,
CAR010,Cloud Engineer,Cloud Computing,Realistic,4.6,Involves hands-on configuration of cloud infrastructure and virtual hardware.,Cloud Engineers design and manage scalable cloud computing environments.,,
CAR010,Cloud Engineer,Cloud Computing,Conventional,4.3,Requires structured management of cloud resources and access policies.,Cloud Engineers design and manage scalable cloud computing environments.,,
CAR010,Cloud Engineer,Cloud Computing,Investigative,3.9,Involves troubleshooting complex networking and cloud architecture issues.,Cloud Engineers design and manage scalable cloud computing environments.,,
CAR011,DevOps Engineer,DevOps,Realistic,4.7,Focuses on building and maintaining practical deployment pipelines.,DevOps Engineers automate and streamline the software development and deployment lifecycle.,,
CAR011,DevOps Engineer,DevOps,Conventional,4.5,Requires strict organization of continuous integration and delivery processes.,DevOps Engineers automate and streamline the software development and deployment lifecycle.,,
CAR011,DevOps Engineer,DevOps,Investigative,4,Involves diagnosing deployment failures and system bottlenecks.,DevOps Engineers automate and streamline the software development and deployment lifecycle.,,
CAR012,Site Reliability Engineer,DevOps,Investigative,4.8,Requires deep analytical skills to diagnose complex system outages.,Site Reliability Engineers ensure the performance and availability of large-scale software systems.,,
CAR012,Site Reliability Engineer,DevOps,Realistic,4.4,Involves hands-on configuration of monitoring tools and infrastructure.,Site Reliability Engineers ensure the performance and availability of large-scale software systems.,,
CAR012,Site Reliability Engineer,DevOps,Conventional,4.1,Requires structured incident response and post-mortem documentation.,Site Reliability Engineers ensure the performance and availability of large-scale software systems.,,
CAR013,Cybersecurity Engineer,Cybersecurity,Investigative,4.9,Requires analyzing threat vectors and researching new vulnerabilities.,Cybersecurity Engineers protect networks and systems from digital attacks and unauthorized access.,,
CAR013,Cybersecurity Engineer,Cybersecurity,Realistic,4.2,Involves hands-on implementation of firewalls and security hardware.,Cybersecurity Engineers protect networks and systems from digital attacks and unauthorized access.,,
CAR013,Cybersecurity Engineer,Cybersecurity,Conventional,4,Requires strict adherence to security protocols and compliance standards.,Cybersecurity Engineers protect networks and systems from digital attacks and unauthorized access.,,
CAR014,Security Analyst,Cybersecurity,Investigative,4.7,Focuses on analyzing security logs and detecting anomalous behavior.,Security Analysts monitor network traffic to detect and respond to security incidents.,,
CAR014,Security Analyst,Cybersecurity,Conventional,4.6,Requires organized documentation of security events and audit trails.,Security Analysts monitor network traffic to detect and respond to security incidents.,,
CAR014,Security Analyst,Cybersecurity,Realistic,3.5,Involves practical configuration of security monitoring tools.,Security Analysts monitor network traffic to detect and respond to security incidents.,,
CAR015,Penetration Tester,Cybersecurity,Investigative,4.9,Requires creative problem solving to discover hidden security flaws.,Penetration Testers ethically hack systems to identify and fix security vulnerabilities.,,
CAR015,Penetration Tester,Cybersecurity,Realistic,4.5,Involves hands-on exploitation of networks and applications.,Penetration Testers ethically hack systems to identify and fix security vulnerabilities.,,
CAR015,Penetration Tester,Cybersecurity,Enterprising,3.8,Requires presenting security risks to management to drive security investments.,Penetration Testers ethically hack systems to identify and fix security vulnerabilities.,,
CAR016,Network Engineer,Networking,Realistic,4.8,Focuses on the physical and logical configuration of routers and switches.,Network Engineers design and maintain enterprise computer networks and communication systems.,,
CAR016,Network Engineer,Networking,Conventional,4.4,Requires structured IP addressing and network documentation.,Network Engineers design and maintain enterprise computer networks and communication systems.,,
CAR016,Network Engineer,Networking,Investigative,3.7,Involves troubleshooting complex packet routing and connectivity issues.,Network Engineers design and maintain enterprise computer networks and communication systems.,,
CAR017,Database Engineer,Data Engineering,Conventional,4.9,Requires highly structured data modeling and schema management.,Database Engineers design and optimize database systems for high performance and reliability.,,
CAR017,Database Engineer,Data Engineering,Investigative,4.3,Involves analyzing query performance and optimizing execution plans.,Database Engineers design and optimize database systems for high performance and reliability.,,
CAR017,Database Engineer,Data Engineering,Realistic,3.6,Requires practical configuration of database servers and storage arrays.,Database Engineers design and optimize database systems for high performance and reliability.,,
CAR018,Cloud Security Engineer,Cybersecurity,Investigative,4.8,Requires researching cloud-specific vulnerabilities and attack vectors.,Cloud Security Engineers design and implement security controls for cloud-based infrastructure.,,
CAR018,Cloud Security Engineer,Cybersecurity,Realistic,4.3,Involves hands-on configuration of cloud identity and access management.,Cloud Security Engineers design and implement security controls for cloud-based infrastructure.,,
CAR018,Cloud Security Engineer,Cybersecurity,Conventional,4.1,Requires structured compliance auditing of cloud environments.,Cloud Security Engineers design and implement security controls for cloud-based infrastructure.,,
CAR019,Robotics Engineer,Hardware & Robotics,Realistic,4.9,Focuses heavily on hardware integration and physical machine design.,Robotics Engineers design and build robotic systems and automated machines.,,
CAR019,Robotics Engineer,Hardware & Robotics,Investigative,4.7,Requires complex mathematical modeling for kinematics and control systems.,Robotics Engineers design and build robotic systems and automated machines.,,
CAR019,Robotics Engineer,Hardware & Robotics,Conventional,3.5,Involves structured testing and calibration of robotic components.,Robotics Engineers design and build robotic systems and automated machines.,,
CAR020,IoT Engineer,Hardware & Robotics,Realistic,4.8,Requires hands-on work with sensors and embedded hardware devices.,IoT Engineers develop connected devices and systems for the Internet of Things ecosystem.,,
CAR020,IoT Engineer,Hardware & Robotics,Investigative,4.5,Involves solving low-power networking and data transmission challenges.,IoT Engineers develop connected devices and systems for the Internet of Things ecosystem.,,
CAR020,IoT Engineer,Hardware & Robotics,Enterprising,3.4,Requires driving innovation for smart home and industrial applications.,IoT Engineers develop connected devices and systems for the Internet of Things ecosystem.,,
CAR021,Embedded Systems Engineer,Hardware & Robotics,Realistic,4.9,Focuses on programming microcontrollers and interacting with hardware.,Embedded Systems Engineers develop software that runs on dedicated hardware devices.,,
CAR021,Embedded Systems Engineer,Hardware & Robotics,Investigative,4.6,Requires debugging complex hardware-software integration issues.,Embedded Systems Engineers develop software that runs on dedicated hardware devices.,,
CAR021,Embedded Systems Engineer,Hardware & Robotics,Conventional,3.8,Involves strict adherence to memory constraints and real-time processing rules.,Embedded Systems Engineers develop software that runs on dedicated hardware devices.,,
CAR022,VLSI Design Engineer,Hardware & Robotics,Investigative,4.8,Requires deep analytical thinking to design complex semiconductor circuits.,VLSI Design Engineers create integrated circuits and microchips for electronic devices.,,
CAR022,VLSI Design Engineer,Hardware & Robotics,Realistic,4.7,Involves practical layout and physical design of silicon wafers.,VLSI Design Engineers create integrated circuits and microchips for electronic devices.,,
CAR022,VLSI Design Engineer,Hardware & Robotics,Conventional,4,Requires highly structured verification and testing of chip designs.,VLSI Design Engineers create integrated circuits and microchips for electronic devices.,,
CAR023,Blockchain Developer,Web3 & Blockchain,Investigative,4.7,Requires researching cryptographic algorithms and decentralized protocols.,Blockchain Developers build decentralized applications and secure distributed ledger systems.,,
CAR023,Blockchain Developer,Web3 & Blockchain,Enterprising,4.1,Involves driving innovation in decentralized finance and Web3 business models.,Blockchain Developers build decentralized applications and secure distributed ledger systems.,,
CAR023,Blockchain Developer,Web3 & Blockchain,Conventional,3.6,Requires structured auditing of immutable blockchain records.,Blockchain Developers build decentralized applications and secure distributed ledger systems.,,
CAR024,Smart Contract Developer,Web3 & Blockchain,Investigative,4.8,Requires precise logical reasoning to prevent security exploits in code.,Smart Contract Developers write and deploy self-executing code on blockchain networks.,,
CAR024,Smart Contract Developer,Web3 & Blockchain,Conventional,4.4,Involves rigorous testing and structured deployment of immutable contracts.,Smart Contract Developers write and deploy self-executing code on blockchain networks.,,
CAR024,Smart Contract Developer,Web3 & Blockchain,Enterprising,3.7,Requires understanding business logic to translate into decentralized agreements.,Smart Contract Developers write and deploy self-executing code on blockchain networks.,,
CAR025,Game Developer,Game Development,Artistic,4.8,Requires a strong sense of visual design and creative storytelling.,Game Developers design and program interactive video games and simulations.,,
CAR025,Game Developer,Game Development,Investigative,4.5,Involves solving complex physics and rendering algorithms.,Game Developers design and program interactive video games and simulations.,,
CAR025,Game Developer,Game Development,Realistic,3.6,Requires practical optimization of game engines for hardware performance.,Game Developers design and program interactive video games and simulations.,,
CAR026,UI/UX Designer,Design,Artistic,4.9,Focuses heavily on visual aesthetics and creative interface design.,UI/UX Designers create intuitive and visually appealing user interfaces for digital products.,,
CAR026,UI/UX Designer,Design,Social,4.3,Requires empathy and communication to understand user needs and pain points.,UI/UX Designers create intuitive and visually appealing user interfaces for digital products.,,
CAR026,UI/UX Designer,Design,Investigative,3.8,Involves researching user behavior and analyzing usability testing data.,UI/UX Designers create intuitive and visually appealing user interfaces for digital products.,,
CAR027,Product Designer,Design,Artistic,4.8,Requires creative vision to design holistic product experiences.,Product Designers oversee the design process of a product from conception to launch.,,
CAR027,Product Designer,Design,Enterprising,4.2,Involves aligning product design with business goals and market trends.,Product Designers oversee the design process of a product from conception to launch.,,
CAR027,Product Designer,Design,Social,4,Requires collaborating with engineering and marketing teams to deliver products.,Product Designers oversee the design process of a product from conception to launch.,,
CAR028,Data Analyst,Data Science,Conventional,4.8,Requires highly structured reporting and data visualization processes.,Data Analysts interpret complex datasets to help organizations make informed decisions.,,
CAR028,Data Analyst,Data Science,Investigative,4.6,Involves statistical analysis and discovering hidden patterns in data.,Data Analysts interpret complex datasets to help organizations make informed decisions.,,
CAR028,Data Analyst,Data Science,Enterprising,3.5,Requires presenting data insights to influence business strategy.,Data Analysts interpret complex datasets to help organizations make informed decisions.,,
CAR029,Business Analyst,Product & Business,Enterprising,4.7,Focuses on driving business strategy and optimizing organizational processes.,Business Analysts evaluate business models and integrate technology to improve efficiency.,,
CAR029,Business Analyst,Product & Business,Social,4.4,Requires strong communication to gather requirements from stakeholders.,Business Analysts evaluate business models and integrate technology to improve efficiency.,,
CAR029,Business Analyst,Product & Business,Conventional,4.2,Involves structured documentation of business requirements and workflows.,Business Analysts evaluate business models and integrate technology to improve efficiency.,,
CAR030,Solutions Architect,Cloud Computing,Enterprising,4.8,Requires leading technology strategy and designing enterprise solutions.,Solutions Architects design comprehensive technical solutions to solve business problems.,,
CAR030,Solutions Architect,Cloud Computing,Investigative,4.6,Involves analyzing complex system requirements and architectural trade-offs.,Solutions Architects design comprehensive technical solutions to solve business problems.,,
CAR030,Solutions Architect,Cloud Computing,Social,4.1,Requires communicating technical vision to both engineering and executive teams.,Solutions Architects design comprehensive technical solutions to solve business problems.,,
CAR031,QA Engineer,QA & Testing,Conventional,4.8,Requires highly structured test planning and defect tracking.,QA Engineers ensure software quality through rigorous testing and validation processes.,,
CAR031,QA Engineer,QA & Testing,Investigative,4.2,Involves analyzing software behavior to identify edge cases and bugs.,QA Engineers ensure software quality through rigorous testing and validation processes.,,
CAR031,QA Engineer,QA & Testing,Realistic,3.5,Requires practical execution of manual and automated test scripts.,QA Engineers ensure software quality through rigorous testing and validation processes.,,
CAR032,Automation Test Engineer,QA & Testing,Conventional,4.6,Focuses on maintaining structured and repeatable automated test suites.,Automation Test Engineers write scripts to automate the software testing process.,,
CAR032,Automation Test Engineer,QA & Testing,Investigative,4.5,Requires solving complex logic problems to build robust test frameworks.,Automation Test Engineers write scripts to automate the software testing process.,,
CAR032,Automation Test Engineer,QA & Testing,Realistic,4,Involves hands-on configuration of continuous integration testing environments.,Automation Test Engineers write scripts to automate the software testing process.,,
CAR033,Systems Engineer,IT & Systems,Realistic,4.7,Requires hands-on management of complex IT infrastructure and hardware.,Systems Engineers design and manage complex systems over their life cycles.,,
CAR033,Systems Engineer,IT & Systems,Investigative,4.4,Involves troubleshooting deep system-level performance and integration issues.,Systems Engineers design and manage complex systems over their life cycles.,,
CAR033,Systems Engineer,IT & Systems,Conventional,4.1,Requires structured lifecycle management and system documentation.,Systems Engineers design and manage complex systems over their life cycles.,,
CAR034,Product Manager,Product & Business,Enterprising,4.9,Focuses on product strategy and leading cross-functional teams.,Product Managers define product vision and oversee the development lifecycle.,,
CAR034,Product Manager,Product & Business,Social,4.6,Requires strong empathy for users and communication with stakeholders.,Product Managers define product vision and oversee the development lifecycle.,,
CAR034,Product Manager,Product & Business,Investigative,3.9,Involves researching market trends and analyzing product metrics.,Product Managers define product vision and oversee the development lifecycle.,,
CAR035,Technical Product Manager,Product & Business,Enterprising,4.8,Requires driving technology strategy and prioritizing technical debt.,Technical Product Managers oversee the development of highly technical software products.,,
CAR035,Technical Product Manager,Product & Business,Investigative,4.5,Involves analyzing technical feasibility and system architecture.,Technical Product Managers oversee the development of highly technical software products.,,
CAR035,Technical Product Manager,Product & Business,Social,4.2,Requires translating technical concepts for non-technical stakeholders.,Technical Product Managers oversee the development of highly technical software products.,,
CAR036,Computer Vision Engineer,Artificial Intelligence,Investigative,4.9,Requires deep mathematical knowledge of image processing algorithms.,Computer Vision Engineers build systems that extract information from digital images and videos.,,
CAR036,Computer Vision Engineer,Artificial Intelligence,Realistic,4.1,Involves practical deployment of vision models to edge devices or cameras.,Computer Vision Engineers build systems that extract information from digital images and videos.,,
CAR036,Computer Vision Engineer,Artificial Intelligence,Artistic,3.5,Requires understanding visual spatial relationships and image composition.,Computer Vision Engineers build systems that extract information from digital images and videos.,,
CAR037,NLP Engineer,Artificial Intelligence,Investigative,4.9,Requires researching linguistic patterns and deep learning architectures.,NLP Engineers develop models that enable computers to understand human language.,,
CAR037,NLP Engineer,Artificial Intelligence,Social,3.8,Involves understanding human communication and semantic nuances.,NLP Engineers develop models that enable computers to understand human language.,,
CAR037,NLP Engineer,Artificial Intelligence,Conventional,3.6,Requires structured processing and tokenization of large text corpora.,NLP Engineers develop models that enable computers to understand human language.,,
CAR038,Generative AI Engineer,Artificial Intelligence,Investigative,4.8,Requires researching advanced neural network architectures like transformers.,Generative AI Engineers build models capable of generating text,images,or code.
CAR038,Generative AI Engineer,Artificial Intelligence,Artistic,4.4,Involves evaluating the creative quality of AI-generated content.,Generative AI Engineers build models capable of generating text,images,or code.
CAR038,Generative AI Engineer,Artificial Intelligence,Enterprising,3.5,Requires finding innovative business applications for generative technologies.,Generative AI Engineers build models capable of generating text,images,or code.
CAR039,MLOps Engineer,DevOps,Realistic,4.6,Focuses on the practical deployment and scaling of machine learning models.,MLOps Engineers build infrastructure to deploy and monitor machine learning models in production.,,
CAR039,MLOps Engineer,DevOps,Conventional,4.5,Requires structured version control for datasets and model artifacts.,MLOps Engineers build infrastructure to deploy and monitor machine learning models in production.,,
CAR039,MLOps Engineer,DevOps,Investigative,4.2,Involves diagnosing model drift and performance degradation in production.,MLOps Engineers build infrastructure to deploy and monitor machine learning models in production.,,
CAR040,Cloud Architect,Cloud Computing,Enterprising,4.7,Requires leading cloud adoption strategies for enterprise organizations.,Cloud Architects design and oversee the implementation of enterprise cloud environments.,,
CAR040,Cloud Architect,Cloud Computing,Investigative,4.8,Involves analyzing complex workloads to design optimal cloud architectures.,Cloud Architects design and oversee the implementation of enterprise cloud environments.,,
CAR040,Cloud Architect,Cloud Computing,Realistic,4,Requires practical understanding of cloud networking and storage hardware.,Cloud Architects design and oversee the implementation of enterprise cloud environments.,,
CAR041,Information Security Manager,Cybersecurity,Enterprising,4.8,Focuses on leading security initiatives and managing risk strategies.,Information Security Managers oversee an organization's cybersecurity posture and policies.,,
CAR041,Information Security Manager,Cybersecurity,Conventional,4.7,Requires structured management of compliance audits and security frameworks.,Information Security Managers oversee an organization's cybersecurity posture and policies.,,
CAR041,Information Security Manager,Cybersecurity,Social,4.1,Involves training employees on security awareness and best practices.,Information Security Managers oversee an organization's cybersecurity posture and policies.,,
CAR042,Network Administrator,Networking,Conventional,4.8,Requires highly organized management of IP addresses and network policies.,Network Administrators maintain and monitor day-to-day operations of computer networks.,,
CAR042,Network Administrator,Networking,Realistic,4.5,Involves hands-on patching and configuration of network hardware.,Network Administrators maintain and monitor day-to-day operations of computer networks.,,
CAR042,Network Administrator,Networking,Social,3.5,Requires assisting users with network connectivity issues.,Network Administrators maintain and monitor day-to-day operations of computer networks.,,
CAR043,Systems Administrator,IT & Systems,Conventional,4.7,Focuses on structured user management and system backups.,Systems Administrators manage and maintain enterprise server environments and IT systems.,,
CAR043,Systems Administrator,IT & Systems,Realistic,4.6,Requires practical installation and maintenance of server hardware.,Systems Administrators manage and maintain enterprise server environments and IT systems.,,
CAR043,Systems Administrator,IT & Systems,Investigative,3.8,Involves diagnosing server crashes and operating system errors.,Systems Administrators manage and maintain enterprise server environments and IT systems.,,
CAR044,IT Support Specialist,IT & Systems,Social,4.8,Requires strong empathy and communication skills to help end users.,IT Support Specialists provide technical assistance and troubleshooting for hardware and software.,,
CAR044,IT Support Specialist,IT & Systems,Realistic,4.2,Involves hands-on repair of laptops and desktop workstations.,IT Support Specialists provide technical assistance and troubleshooting for hardware and software.,,
CAR044,IT Support Specialist,IT & Systems,Conventional,4,Requires structured logging of support tickets and resolution steps.,IT Support Specialists provide technical assistance and troubleshooting for hardware and software.,,
CAR045,Technical Support Engineer,IT & Systems,Social,4.7,Focuses on communicating complex technical solutions to customers.,Technical Support Engineers resolve advanced technical issues for enterprise software products.,,
CAR045,Technical Support Engineer,IT & Systems,Investigative,4.4,Requires analyzing software logs to identify the root cause of customer issues.,Technical Support Engineers resolve advanced technical issues for enterprise software products.,,
CAR045,Technical Support Engineer,IT & Systems,Realistic,3.9,Involves practical reproduction of customer environments for testing.,Technical Support Engineers resolve advanced technical issues for enterprise software products.,,
CAR046,Application Security Engineer,Cybersecurity,Investigative,4.8,Requires analyzing source code to find security vulnerabilities.,Application Security Engineers integrate security practices into the software development lifecycle.,,
CAR046,Application Security Engineer,Cybersecurity,Realistic,4.3,Involves practical implementation of secure coding standards.,Application Security Engineers integrate security practices into the software development lifecycle.,,
CAR046,Application Security Engineer,Cybersecurity,Conventional,4,Requires structured security testing and vulnerability tracking.,Application Security Engineers integrate security practices into the software development lifecycle.,,
CAR047,Incident Responder,Cybersecurity,Investigative,4.9,Requires forensic analysis to determine the scope of security breaches.,Incident Responders investigate and mitigate active cybersecurity threats and breaches.,,
CAR047,Incident Responder,Cybersecurity,Realistic,4.5,Involves hands-on containment of compromised systems and malware.,Incident Responders investigate and mitigate active cybersecurity threats and breaches.,,
CAR047,Incident Responder,Cybersecurity,Social,3.8,Requires communicating crisis updates to management during cyber attacks.,Incident Responders investigate and mitigate active cybersecurity threats and breaches.,,
CAR048,Cryptographer,Cybersecurity,Investigative,5,Requires advanced mathematical research to develop encryption algorithms.,Cryptographers design secure algorithms and protocols to protect sensitive data.,,
CAR048,Cryptographer,Cybersecurity,Conventional,4.2,Involves structured mathematical proofs and rigorous security validation.,Cryptographers design secure algorithms and protocols to protect sensitive data.,,
CAR048,Cryptographer,Cybersecurity,Realistic,3.1,Requires practical implementation of cryptographic libraries.,Cryptographers design secure algorithms and protocols to protect sensitive data.,,
CAR049,Data Warehouse Engineer,Data Engineering,Conventional,4.8,Focuses on structured schema design for enterprise data storage.,Data Warehouse Engineers design and manage central repositories for integrated data.,,
CAR049,Data Warehouse Engineer,Data Engineering,Investigative,4.4,Requires optimizing complex ETL transformations and data queries.,Data Warehouse Engineers design and manage central repositories for integrated data.,,
CAR049,Data Warehouse Engineer,Data Engineering,Realistic,3.7,Involves practical management of data storage infrastructure.,Data Warehouse Engineers design and manage central repositories for integrated data.,,
CAR050,Big Data Engineer,Data Engineering,Investigative,4.7,Requires solving distributed computing and massive data processing challenges.,Big Data Engineers build scalable systems to process and analyze massive datasets.,,
CAR050,Big Data Engineer,Data Engineering,Realistic,4.3,Involves hands-on configuration of Hadoop or Spark clusters.,Big Data Engineers build scalable systems to process and analyze massive datasets.,,
CAR050,Big Data Engineer,Data Engineering,Conventional,4.1,Requires structured management of data lakes and processing jobs.,Big Data Engineers build scalable systems to process and analyze massive datasets.,,
CAR051,Business Intelligence Developer,Data Science,Conventional,4.7,Requires structured design of dashboards and reporting metrics.,Business Intelligence Developers create tools and dashboards to visualize business data.,,
CAR051,Business Intelligence Developer,Data Science,Investigative,4.5,Involves analyzing data relationships to build accurate BI models.,Business Intelligence Developers create tools and dashboards to visualize business data.,,
CAR051,Business Intelligence Developer,Data Science,Enterprising,4,Requires aligning data visualizations with strategic business goals.,Business Intelligence Developers create tools and dashboards to visualize business data.,,
CAR052,Quantitative Analyst,Data Science,Investigative,5,Requires advanced statistical modeling and financial mathematics.,Quantitative Analysts apply mathematical models to financial and risk management problems.,,
CAR052,Quantitative Analyst,Data Science,Conventional,4.4,Involves structured backtesting of algorithmic trading strategies.,Quantitative Analysts apply mathematical models to financial and risk management problems.,,
CAR052,Quantitative Analyst,Data Science,Enterprising,3.6,Requires understanding financial markets to generate trading profits.,Quantitative Analysts apply mathematical models to financial and risk management problems.,,
CAR053,Firmware Engineer,Hardware & Robotics,Realistic,4.8,Focuses on practical programming of hardware components.,Firmware Engineers develop low-level software that provides control for specific hardware.,,
CAR053,Firmware Engineer,Hardware & Robotics,Investigative,4.6,Requires debugging hardware-software interactions using oscilloscopes.,Firmware Engineers develop low-level software that provides control for specific hardware.,,
CAR053,Firmware Engineer,Hardware & Robotics,Conventional,3.9,Involves strict adherence to hardware specifications and memory limits.,Firmware Engineers develop low-level software that provides control for specific hardware.,,
CAR054,Hardware Engineer,Hardware & Robotics,Realistic,4.9,Requires hands-on design and testing of physical circuit boards.,Hardware Engineers design and develop computer hardware and physical electronic components.,,
CAR054,Hardware Engineer,Hardware & Robotics,Investigative,4.5,Involves analyzing electrical signals and thermal dynamics.,Hardware Engineers design and develop computer hardware and physical electronic components.,,
CAR054,Hardware Engineer,Hardware & Robotics,Conventional,3.8,Requires structured documentation of schematics and bill of materials.,Hardware Engineers design and develop computer hardware and physical electronic components.,,
CAR055,FPGA Designer,Hardware & Robotics,Investigative,4.8,Requires complex logical reasoning for hardware description languages.,FPGA Designers program field-programmable gate arrays for custom hardware acceleration.,,
CAR055,FPGA Designer,Hardware & Robotics,Realistic,4.7,Involves hands-on testing of custom silicon configurations.,FPGA Designers program field-programmable gate arrays for custom hardware acceleration.,,
CAR055,FPGA Designer,Hardware & Robotics,Conventional,4,Requires highly structured timing analysis and verification.,FPGA Designers program field-programmable gate arrays for custom hardware acceleration.,,
CAR056,AR/VR Developer,Game Development,Artistic,4.7,Requires creative design of immersive 3D environments and interactions.,AR/VR Developers create augmented and virtual reality applications and simulations.,,
CAR056,AR/VR Developer,Game Development,Investigative,4.5,Involves solving complex spatial computing and tracking algorithms.,AR/VR Developers create augmented and virtual reality applications and simulations.,,
CAR056,AR/VR Developer,Game Development,Realistic,3.9,Requires practical optimization of graphics rendering for headsets.,AR/VR Developers create augmented and virtual reality applications and simulations.,,
CAR057,3D Graphics Engineer,Game Development,Artistic,4.8,Focuses on the visual quality of rendered materials and lighting.,3D Graphics Engineers develop rendering engines and graphics pipelines for visual applications.,,
CAR057,3D Graphics Engineer,Game Development,Investigative,4.6,Requires advanced mathematics for rendering equations and shaders.,3D Graphics Engineers develop rendering engines and graphics pipelines for visual applications.,,
CAR057,3D Graphics Engineer,Game Development,Realistic,3.7,Involves practical optimization of GPU memory and compute shaders.,3D Graphics Engineers develop rendering engines and graphics pipelines for visual applications.,,
CAR058,Web3 Architect,Web3 & Blockchain,Enterprising,4.7,Requires leading the technical strategy for decentralized platforms.,Web3 Architects design the overarching infrastructure for decentralized applications and tokenomics.,,
CAR058,Web3 Architect,Web3 & Blockchain,Investigative,4.8,Involves analyzing cryptographic security and decentralized consensus mechanisms.,Web3 Architects design the overarching infrastructure for decentralized applications and tokenomics.,,
CAR058,Web3 Architect,Web3 & Blockchain,Social,3.9,Requires engaging with open-source communities and decentralized governance.,Web3 Architects design the overarching infrastructure for decentralized applications and tokenomics.,,
CAR059,Decentralized App Developer,Web3 & Blockchain,Investigative,4.6,Requires solving unique state management challenges in decentralized networks.,Decentralized App Developers build web applications that interact with blockchain smart contracts.,,
CAR059,Decentralized App Developer,Web3 & Blockchain,Artistic,3.8,Involves designing user interfaces for Web3 applications.,Decentralized App Developers build web applications that interact with blockchain smart contracts.,,
CAR059,Decentralized App Developer,Web3 & Blockchain,Enterprising,4,Requires understanding token utility and decentralized business models.,Decentralized App Developers build web applications that interact with blockchain smart contracts.,,
CAR060,Engineering Manager,Product & Business,Enterprising,4.9,Requires leading technical teams and driving engineering strategy.,Engineering Managers oversee software development teams and technical project delivery.,,
CAR060,Engineering Manager,Product & Business,Social,4.7,Involves mentoring engineers and conducting performance reviews.,Engineering Managers oversee software development teams and technical project delivery.,,
CAR060,Engineering Manager,Product & Business,Investigative,4,Requires analyzing technical architecture to guide team decisions.,Engineering Managers oversee software development teams and technical project delivery.,,
CAR061,Performance Test Engineer,QA & Testing,Investigative,4.6,Requires analyzing system bottlenecks under heavy load.,Performance Test Engineers ensure software applications can handle expected user traffic and data volumes.,,
CAR061,Performance Test Engineer,QA & Testing,Realistic,4.2,Involves practical configuration of load testing tools and server environments.,Performance Test Engineers ensure software applications can handle expected user traffic and data volumes.,,
CAR061,Performance Test Engineer,QA & Testing,Conventional,3.8,Requires structured reporting of performance metrics and test results.,Performance Test Engineers ensure software applications can handle expected user traffic and data volumes.,,
CAR062,Security Tester,QA & Testing,Investigative,4.8,Requires finding hidden vulnerabilities in software applications.,Security Testers evaluate software to identify and fix security flaws before release.,,
CAR062,Security Tester,QA & Testing,Realistic,4.3,Involves hands-on execution of security testing tools and scripts.,Security Testers evaluate software to identify and fix security flaws before release.,,
CAR062,Security Tester,QA & Testing,Conventional,4,Requires strict adherence to security compliance checklists.,Security Testers evaluate software to identify and fix security flaws before release.,,
CAR063,Mobile Test Engineer,QA & Testing,Realistic,4.5,Focuses on hands-on testing across various physical mobile devices.,Mobile Test Engineers ensure the quality and functionality of mobile applications on iOS and Android.,,
CAR063,Mobile Test Engineer,QA & Testing,Conventional,4.1,Requires structured execution of test cases for different screen sizes.,Mobile Test Engineers ensure the quality and functionality of mobile applications on iOS and Android.,,
CAR063,Mobile Test Engineer,QA & Testing,Investigative,3.9,Involves diagnosing device-specific crashes and battery drain issues.,Mobile Test Engineers ensure the quality and functionality of mobile applications on iOS and Android.,,
CAR064,QA Lead,QA & Testing,Enterprising,4.7,Requires leading testing teams and defining quality assurance strategies.,QA Leads oversee the testing process and manage teams of quality assurance engineers.,,
CAR064,QA Lead,QA & Testing,Social,4.4,Involves mentoring testers and communicating with developers.,QA Leads oversee the testing process and manage teams of quality assurance engineers.,,
CAR064,QA Lead,QA & Testing,Conventional,4.2,Requires highly structured management of test plans and defect tracking systems.,QA Leads oversee the testing process and manage teams of quality assurance engineers.,,
CAR065,Data Governance Analyst,Data Analytics,Conventional,4.8,Requires strict enforcement of data quality and compliance standards.,"Data Governance Analysts ensure that organizational data is accurate, secure, and compliant with regulations.",,
CAR065,Data Governance Analyst,Data Analytics,Investigative,4.3,Involves auditing data pipelines to identify inconsistencies.,"Data Governance Analysts ensure that organizational data is accurate, secure, and compliant with regulations.",,
CAR065,Data Governance Analyst,Data Analytics,Enterprising,3.7,Requires advocating for data best practices across business units.,"Data Governance Analysts ensure that organizational data is accurate, secure, and compliant with regulations.",,
CAR066,Marketing Data Analyst,Data Analytics,Investigative,4.6,Requires analyzing campaign performance and customer behavior patterns.,Marketing Data Analysts interpret data to optimize marketing strategies and improve ROI.,,
CAR066,Marketing Data Analyst,Data Analytics,Enterprising,4.2,Involves using data insights to drive marketing strategy and budget allocation.,Marketing Data Analysts interpret data to optimize marketing strategies and improve ROI.,,
CAR066,Marketing Data Analyst,Data Analytics,Conventional,3.9,Requires structured reporting of marketing KPIs and dashboards.,Marketing Data Analysts interpret data to optimize marketing strategies and improve ROI.,,
CAR067,Healthcare Data Analyst,Data Analytics,Investigative,4.7,Requires deep analysis of patient data and medical records.,Healthcare Data Analysts interpret medical data to improve patient care and operational efficiency.,,
CAR067,Healthcare Data Analyst,Data Analytics,Conventional,4.5,Involves strict adherence to healthcare data privacy regulations like HIPAA.,Healthcare Data Analysts interpret medical data to improve patient care and operational efficiency.,,
CAR067,Healthcare Data Analyst,Data Analytics,Social,3.8,Requires collaborating with medical professionals to understand data needs.,Healthcare Data Analysts interpret medical data to improve patient care and operational efficiency.,,
CAR068,Financial Data Analyst,Data Analytics,Conventional,4.8,Requires highly structured financial modeling and risk reporting.,Financial Data Analysts analyze financial data to help organizations make investment and business decisions.,,
CAR068,Financial Data Analyst,Data Analytics,Investigative,4.6,Involves discovering trends in market data and financial statements.,Financial Data Analysts analyze financial data to help organizations make investment and business decisions.,,
CAR068,Financial Data Analyst,Data Analytics,Enterprising,4,Requires using financial insights to drive corporate strategy.,Financial Data Analysts analyze financial data to help organizations make investment and business decisions.,,
CAR069,Systems Architect,Systems Engineering,Investigative,4.8,"Requires designing complex, scalable system architectures.",Systems Architects design and configure complex computer systems and networks for organizations.,,
CAR069,Systems Architect,Systems Engineering,Realistic,4.4,Involves practical understanding of hardware and network capabilities.,Systems Architects design and configure complex computer systems and networks for organizations.,,
CAR069,Systems Architect,Systems Engineering,Enterprising,4.1,Requires leading technical initiatives and aligning systems with business goals.,Systems Architects design and configure complex computer systems and networks for organizations.,,
CAR070,Integration Engineer,Systems Engineering,Investigative,4.6,Requires solving complex data flow issues between disparate systems.,Integration Engineers connect different software systems and applications to ensure they work together seamlessly.,,
CAR070,Integration Engineer,Systems Engineering,Realistic,4.3,Involves hands-on configuration of APIs and middleware.,Integration Engineers connect different software systems and applications to ensure they work together seamlessly.,,
CAR070,Integration Engineer,Systems Engineering,Conventional,3.9,Requires structured documentation of system interfaces and data mappings.,Integration Engineers connect different software systems and applications to ensure they work together seamlessly.,,
CAR071,Enterprise Architect,Solutions Architecture,Enterprising,4.9,Requires driving technology strategy across the entire organization.,Enterprise Architects design the overarching IT strategy and infrastructure for large organizations.,,
CAR071,Enterprise Architect,Solutions Architecture,Investigative,4.5,Involves analyzing enterprise-wide business processes and technology gaps.,Enterprise Architects design the overarching IT strategy and infrastructure for large organizations.,,
CAR071,Enterprise Architect,Solutions Architecture,Social,4.2,Requires communicating complex technical visions to executive leadership.,Enterprise Architects design the overarching IT strategy and infrastructure for large organizations.,,
CAR072,Cloud Solutions Architect,Solutions Architecture,Investigative,4.8,Requires designing scalable and secure cloud environments.,Cloud Solutions Architects design and deploy complex cloud-based applications and infrastructure.,,
CAR072,Cloud Solutions Architect,Solutions Architecture,Enterprising,4.4,Involves advising clients on cloud migration strategies and cost optimization.,Cloud Solutions Architects design and deploy complex cloud-based applications and infrastructure.,,
CAR072,Cloud Solutions Architect,Solutions Architecture,Realistic,3.8,Requires practical knowledge of cloud networking and storage configurations.,Cloud Solutions Architects design and deploy complex cloud-based applications and infrastructure.,,
CAR073,Data Architect,Solutions Architecture,Conventional,4.7,Requires highly structured data modeling and database design.,Data Architects design and manage complex data systems and architectures for organizations.,,
CAR073,Data Architect,Solutions Architecture,Investigative,4.6,Involves analyzing data relationships and optimizing storage solutions.,Data Architects design and manage complex data systems and architectures for organizations.,,
CAR073,Data Architect,Solutions Architecture,Enterprising,4,Requires aligning data architecture with long-term business strategy.,Data Architects design and manage complex data systems and architectures for organizations.,,
CAR074,Infrastructure Architect,Solutions Architecture,Realistic,4.6,Focuses on the physical and virtual design of IT infrastructure.,Infrastructure Architects design and oversee the implementation of enterprise IT infrastructure.,,
CAR074,Infrastructure Architect,Solutions Architecture,Investigative,4.4,Requires diagnosing systemic performance bottlenecks across networks and servers.,Infrastructure Architects design and oversee the implementation of enterprise IT infrastructure.,,
CAR074,Infrastructure Architect,Solutions Architecture,Conventional,4.1,Involves structured planning for disaster recovery and system backups.,Infrastructure Architects design and oversee the implementation of enterprise IT infrastructure.,,
CAR075,Growth Product Manager,Product Management,Enterprising,4.8,Requires driving user acquisition and revenue growth strategies.,Growth Product Managers focus on optimizing the user journey to increase acquisition and retention.,,
CAR075,Growth Product Manager,Product Management,Investigative,4.5,Involves running A/B tests and analyzing user behavior data.,Growth Product Managers focus on optimizing the user journey to increase acquisition and retention.,,
CAR075,Growth Product Manager,Product Management,Social,4,Requires collaborating with marketing and engineering to launch growth experiments.,Growth Product Managers focus on optimizing the user journey to increase acquisition and retention.,,
CAR076,Data Product Manager,Product Management,Investigative,4.7,Requires analyzing complex datasets to inform product features.,Data Product Managers oversee the development of data-driven products and machine learning features.,,
CAR076,Data Product Manager,Product Management,Enterprising,4.4,Involves defining the strategy for data monetization and analytics products.,Data Product Managers oversee the development of data-driven products and machine learning features.,,
CAR076,Data Product Manager,Product Management,Social,3.9,Requires translating data science concepts for business stakeholders.,Data Product Managers oversee the development of data-driven products and machine learning features.,,
CAR077,AI Product Manager,Product Management,Enterprising,4.8,Requires leading the strategy for AI and machine learning products.,AI Product Managers define the vision and strategy for artificial intelligence products.,,
CAR077,AI Product Manager,Product Management,Investigative,4.6,Involves understanding model performance metrics and AI capabilities.,AI Product Managers define the vision and strategy for artificial intelligence products.,,
CAR077,AI Product Manager,Product Management,Social,4.1,Requires bridging the gap between AI researchers and end-users.,AI Product Managers define the vision and strategy for artificial intelligence products.,,
CAR078,Hardware Product Manager,Product Management,Realistic,4.5,Requires understanding the physical manufacturing and supply chain processes.,Hardware Product Managers oversee the lifecycle of physical hardware products from design to manufacturing.,,
CAR078,Hardware Product Manager,Product Management,Enterprising,4.7,Involves defining the market strategy and pricing for hardware devices.,Hardware Product Managers oversee the lifecycle of physical hardware products from design to manufacturing.,,
CAR078,Hardware Product Manager,Product Management,Conventional,4,Requires structured management of hardware release schedules and inventory.,Hardware Product Managers oversee the lifecycle of physical hardware products from design to manufacturing.,,
CAR079,Scrum Master,Product Management,Social,4.9,Requires facilitating communication and removing blockers for development teams.,Scrum Masters facilitate agile development processes and ensure teams follow scrum practices.,,
CAR079,Scrum Master,Product Management,Conventional,4.5,Involves structured organization of sprint planning and daily stand-ups.,Scrum Masters facilitate agile development processes and ensure teams follow scrum practices.,,
CAR079,Scrum Master,Product Management,Enterprising,3.8,Requires driving continuous improvement in team productivity.,Scrum Masters facilitate agile development processes and ensure teams follow scrum practices.,,
CAR080,Agile Coach,Product Management,Social,4.8,Requires mentoring multiple teams and leaders on agile methodologies.,Agile Coaches help organizations adopt and improve agile practices across multiple teams.,,
CAR080,Agile Coach,Product Management,Enterprising,4.6,Involves driving organizational change and agile transformation strategies.,Agile Coaches help organizations adopt and improve agile practices across multiple teams.,,
CAR080,Agile Coach,Product Management,Investigative,4,Requires analyzing team performance metrics to identify areas for coaching.,Agile Coaches help organizations adopt and improve agile practices across multiple teams.,,