source_skill_id,source_skill,target_skill_id,target_skill,relationship,reason,difficulty,domain
SK516,C,SK106,C++,prerequisite,C provides the foundational procedural programming concepts required to learn object-oriented C++.,Beginner,Programming
SK516,C,SK575,Rust,recommended_prerequisite,Understanding memory management in C helps developers grasp Rust's ownership and borrowing concepts.,Intermediate,Programming
SK046,HTML,SK047,CSS,prerequisite,"HTML provides the structure of web pages, which is necessary before applying styles with CSS.",Beginner,Frontend
SK047,CSS,SK048,JavaScript,prerequisite,CSS styling concepts are often manipulated dynamically using JavaScript.,Beginner,Frontend
SK048,JavaScript,SK053,TypeScript,strong_prerequisite,"TypeScript is a superset of JavaScript, requiring strong knowledge of core JS mechanics.",Intermediate,Programming
SK048,JavaScript,SK049,React,strong_prerequisite,React relies heavily on modern JavaScript ES6+ features and asynchronous programming.,Intermediate,Frontend
SK048,JavaScript,SK050,Vue.js,strong_prerequisite,Vue.js components and reactivity system are built entirely on JavaScript fundamentals.,Intermediate,Frontend
SK048,JavaScript,SK051,Angular,strong_prerequisite,Angular applications require strong JavaScript logic alongside TypeScript.,Intermediate,Frontend
SK049,React,SK056,React Native,strong_prerequisite,React Native uses the exact same component-based architecture and hooks as React.,Intermediate,Mobile Development
SK054,Swift,SK058,SwiftUI,prerequisite,Swift language fundamentals are required before building declarative interfaces with SwiftUI.,Intermediate,Mobile Development
SK001,Python,SK142,Data Analysis,prerequisite,Python provides the syntax and ecosystem used for scripting data analysis workflows.,Beginner,Analytics
SK001,Python,SK074,Data Visualization,prerequisite,Python libraries like Matplotlib and Seaborn require basic Python programming skills.,Beginner,Data Science
SK001,Python,SK002,Machine Learning,strong_prerequisite,Python is the industry standard for implementing data processing and machine learning pipelines.,Intermediate,AI/ML
SK200,Mathematics,SK002,Machine Learning,strong_prerequisite,"Linear algebra, calculus, and probability are fundamental to understanding ML algorithms.",Intermediate,AI/ML
SK201,Algorithms,SK002,Machine Learning,recommended_prerequisite,General algorithmic thinking helps in understanding optimization and model training logic.,Intermediate,AI/ML
SK002,Machine Learning,SK003,Deep Learning,strong_prerequisite,Core ML concepts like loss functions and gradient descent are essential for neural networks.,Advanced,AI/ML
SK002,Machine Learning,SK162,Scikit-Learn,prerequisite,Scikit-Learn is the primary Python library for implementing traditional machine learning models.,Intermediate,AI/ML
SK003,Deep Learning,SK004,PyTorch,prerequisite,PyTorch is a framework specifically designed to build and train deep neural networks.,Advanced,AI/ML
SK003,Deep Learning,SK009,TensorFlow,prerequisite,TensorFlow requires an understanding of neural network architectures and tensor operations.,Advanced,AI/ML
SK003,Deep Learning,SK160,Natural Language Processing,recommended_prerequisite,Modern NLP relies heavily on deep learning architectures like RNNs and Transformers.,Advanced,AI/ML
SK003,Deep Learning,SK232,Computer Vision,strong_prerequisite,"Deep learning, specifically CNNs, forms the backbone of modern computer vision tasks.",Advanced,AI/ML
SK160,Natural Language Processing,SK164,LLMs,strong_prerequisite,LLMs are advanced applications of NLP principles like tokenization and semantic understanding.,Advanced,Generative AI
SK160,Natural Language Processing,SK161,Hugging Face Transformers,prerequisite,Hugging Face provides the tools to implement advanced NLP transformer models.,Advanced,AI/ML
SK161,Hugging Face Transformers,SK164,LLMs,recommended_prerequisite,Familiarity with transformer models is critical for training and fine-tuning LLMs.,Advanced,Generative AI
SK164,LLMs,SK166,Prompt Engineering,prerequisite,Understanding how LLMs generate text is necessary to effectively design prompts.,Intermediate,Generative AI
SK164,LLMs,SK036,Generative AI,strong_prerequisite,LLMs are a foundational technology within the broader Generative AI ecosystem.,Advanced,Generative AI
SK165,Vector Databases,SK036,Generative AI,recommended_prerequisite,Vector databases are used for RAG (Retrieval-Augmented Generation) in Generative AI apps.,Advanced,Generative AI
SK232,Computer Vision,SK156,OpenCV,prerequisite,OpenCV is the standard library used to implement computer vision algorithms.,Intermediate,AI/ML
SK232,Computer Vision,SK157,Image Processing,strong_prerequisite,Image processing techniques are the foundational steps for computer vision pipelines.,Intermediate,AI/ML
SK157,Image Processing,SK158,Object Detection,prerequisite,Processing images is required before models can detect and classify objects within them.,Advanced,AI/ML
SK157,Image Processing,SK159,Image Segmentation,prerequisite,Image segmentation relies on advanced pixel-level image processing and classification.,Advanced,AI/ML
SK005,SQL,SK142,Data Analysis,strong_prerequisite,SQL is essential for querying and extracting the data needed for analysis.,Beginner,Analytics
SK005,SQL,SK011,Apache Spark,recommended_prerequisite,Spark SQL relies on traditional SQL syntax for distributed data processing.,Intermediate,Data Engineering
SK011,Apache Spark,SK205,Hadoop,recommended_prerequisite,Spark is often deployed on top of Hadoop's distributed file system (HDFS).,Advanced,Data Engineering
SK086,Linux,SK007,Git,recommended_prerequisite,Git is heavily used via the Linux command line in professional environments.,Beginner,DevOps
SK086,Linux,SK006,Docker,strong_prerequisite,Docker containers are fundamentally based on Linux kernel features like cgroups.,Intermediate,DevOps
SK006,Docker,SK015,Kubernetes,strong_prerequisite,Kubernetes is an orchestration system designed specifically to manage Docker containers.,Advanced,DevOps
SK006,Docker,SK008,CI/CD,recommended_prerequisite,"Docker ensures consistent environments, which is critical for reliable CI/CD pipelines.",Intermediate,DevOps
SK007,Git,SK008,CI/CD,strong_prerequisite,CI/CD pipelines are triggered by code changes tracked and merged in Git.,Intermediate,DevOps
SK248,Cloud Computing,SK012,AWS,prerequisite,General cloud concepts must be understood before learning specific AWS services.,Intermediate,Cloud
SK248,Cloud Computing,SK013,Microsoft Azure,prerequisite,Foundational cloud knowledge applies directly to Azure infrastructure and services.,Intermediate,Cloud
SK248,Cloud Computing,SK014,GCP,prerequisite,General cloud networking and storage concepts are required to navigate GCP.,Intermediate,Cloud
SK012,AWS,SK015,Kubernetes,recommended_prerequisite,Managed Kubernetes (EKS) requires an understanding of underlying AWS networking.,Advanced,DevOps
SK088,Network Troubleshooting,SK191,Network Security,strong_prerequisite,Understanding how networks fail and operate is required to secure them effectively.,Intermediate,Cybersecurity
SK191,Network Security,SK190,Penetration Testing,strong_prerequisite,Network security knowledge is required to identify and exploit network vulnerabilities.,Advanced,Cybersecurity
SK191,Network Security,SK194,Ethical Hacking,strong_prerequisite,Ethical hacking relies on deep knowledge of network protocols and security flaws.,Advanced,Cybersecurity
SK193,Cryptography,SK202,PKI,strong_prerequisite,Public Key Infrastructure is entirely built upon cryptographic algorithms and keys.,Advanced,Vulnerability Analysis
SK193,Cryptography,SK203,Security Protocols,strong_prerequisite,Protocols like TLS/SSL require a solid understanding of cryptographic principles.,Advanced,Vulnerability Analysis
SK190,Penetration Testing,SK195,Vulnerability Analysis,prerequisite,Penetration testing methodologies are used to systematically analyze vulnerabilities.,Advanced,Cybersecurity
SK190,Penetration Testing,SK192,Application Security,recommended_prerequisite,Testing applications for exploits provides context for securing them during development.,Advanced,Cybersecurity
SK516,C,SK212,Embedded C,strong_prerequisite,"Embedded C is an extension of standard C, optimized for hardware constraints.",Intermediate,Embedded Systems
SK212,Embedded C,SK213,Microcontrollers,strong_prerequisite,Microcontrollers are primarily programmed and configured using Embedded C.,Intermediate,Embedded Systems
SK213,Microcontrollers,SK105,ARM Architecture,prerequisite,ARM is the dominant architecture used in modern microcontrollers and embedded systems.,Advanced,Embedded Systems
SK105,ARM Architecture,SK217,ARM Cortex,prerequisite,ARM Cortex processors are specific implementations of the broader ARM architecture.,Advanced,Embedded Systems
SK213,Microcontrollers,SK214,RTOS,strong_prerequisite,Real-Time Operating Systems are deployed on microcontrollers to manage hardware tasks.,Advanced,Embedded Systems
SK213,Microcontrollers,SK104,Firmware Development,strong_prerequisite,Firmware is the low-level software written directly for microcontrollers.,Advanced,Embedded Systems
SK229,Digital Electronics,SK531,Verilog,strong_prerequisite,Verilog is used to model the digital electronic circuits and logic gates.,Intermediate,VLSI
SK229,Digital Electronics,SK530,VHDL,strong_prerequisite,VHDL is a hardware description language based entirely on digital electronic concepts.,Intermediate,VLSI
SK531,Verilog,SK541,SystemVerilog,prerequisite,"SystemVerilog is a superset of Verilog, adding advanced verification features.",Advanced,VLSI
SK229,Digital Electronics,SK535,FPGA,strong_prerequisite,FPGAs are arrays of programmable digital logic blocks that require digital design knowledge.,Intermediate,VLSI
SK535,FPGA,SK543,RTL Design,strong_prerequisite,Register-Transfer Level design is the abstraction used to program FPGAs.,Advanced,VLSI
SK219,Circuit Design,SK220,PCB Design,strong_prerequisite,A logical circuit design must be completed before laying out the physical PCB.,Intermediate,VLSI
SK220,PCB Design,SK225,Altium,prerequisite,Altium Designer is a professional software tool used specifically for PCB design.,Intermediate,VLSI
SK193,Cryptography,SK241,Blockchain,strong_prerequisite,Blockchain ledgers rely heavily on cryptographic hashes and public-key cryptography.,Intermediate,Blockchain
SK241,Blockchain,SK117,Bitcoin,prerequisite,Bitcoin is the original and most prominent implementation of blockchain technology.,Intermediate,Blockchain
SK241,Blockchain,SK115,Solidity,strong_prerequisite,Solidity is used to write smart contracts that execute on blockchain networks.,Intermediate,Blockchain
SK115,Solidity,SK243,Web3.js,prerequisite,Web3.js is used to interact with the smart contracts written in Solidity.,Intermediate,Blockchain
SK115,Solidity,SK244,Ethers.js,prerequisite,Ethers.js is a library used to interface with Ethereum and Solidity smart contracts.,Intermediate,Blockchain
SK241,Blockchain,SK116,Hyperledger,recommended_prerequisite,Hyperledger provides enterprise blockchain frameworks requiring core blockchain knowledge.,Advanced,Blockchain
SK062,User Research,SK061,Wireframing,recommended_prerequisite,User research provides the insights needed to sketch effective wireframes.,Beginner,UI/UX
SK061,Wireframing,SK063,Prototyping,prerequisite,Wireframes serve as the structural blueprint before building interactive prototypes.,Intermediate,UI/UX
SK063,Prototyping,SK064,Figma,prerequisite,Figma is the industry-standard software tool used to create UI prototypes.,Intermediate,UI/UX
SK063,Prototyping,SK066,Adobe XD,prerequisite,Adobe XD is a vector-based tool used specifically for designing and prototyping user experiences.,Intermediate,UI/UX
SK080,3D Modeling,SK082,Blender,prerequisite,Blender is a software suite used to execute 3D modeling and animation tasks.,Intermediate,Game Design
SK080,3D Modeling,SK079,Unity,recommended_prerequisite,3D models are essential assets imported into Unity for game development.,Intermediate,AR/VR
SK080,3D Modeling,SK078,Unreal Engine,recommended_prerequisite,High-quality 3D models are required to build environments in Unreal Engine.,Intermediate,AR/VR
SK106,C++,SK078,Unreal Engine,strong_prerequisite,Unreal Engine relies on C++ for advanced game logic and performance optimization.,Advanced,AR/VR
Column 1,Column 2,Column 3,Column 4,Column 5,Column 6,Column 7,Column 8
SK001,Python,SK300,Django,strong_prerequisite,Python is the underlying language used to build applications with the Django framework.,Intermediate,Backend Development
SK001,Python,SK301,FastAPI,strong_prerequisite,FastAPI is a modern Python web framework requiring strong knowledge of Python type hints.,Intermediate,Backend Development
SK005,SQL,SK303,SQLAlchemy,recommended_prerequisite,Understanding raw SQL helps developers use the SQLAlchemy ORM more effectively.,Intermediate,Backend Development
SK013,Java,SK304,Spring Boot,strong_prerequisite,Spring Boot is a Java-based framework requiring a solid understanding of Java enterprise concepts.,Intermediate,Backend Development
SK013,Java,SK305,Maven,recommended_prerequisite,Java applications typically rely on Maven for dependency management and build automation.,Beginner,Backend Development
SK304,Spring Boot,SK306,Microservices,recommended_prerequisite,Spring Boot provides the tools necessary to develop and deploy independent microservices.,Advanced,Architecture
SK015,JavaScript,SK017,Node.js,strong_prerequisite,Node.js is a runtime environment that executes JavaScript code outside a web browser.,Intermediate,Backend Development
SK017,Node.js,SK307,Express.js,strong_prerequisite,Express.js is a minimal and flexible Node.js web application framework.,Intermediate,Backend Development
SK307,Express.js,SK019,REST APIs,prerequisite,Express.js is commonly used to design and route RESTful APIs.,Intermediate,Backend Development
SK018,HTML/CSS,SK308,Sass,prerequisite,Sass is a preprocessor scripting language that is compiled into standard CSS.,Beginner,Frontend Development
SK018,HTML/CSS,SK309,Tailwind CSS,prerequisite,Tailwind CSS is a utility-first framework that requires foundational CSS knowledge to customize.,Intermediate,Frontend Development
SK049,React,SK310,Next.js,strong_prerequisite,Next.js is a React framework that extends React with server-side rendering and routing.,Intermediate,Frontend Development
SK049,React,SK311,Redux,recommended_prerequisite,Redux is a predictable state container frequently used alongside React for state management.,Intermediate,Frontend Development
SK050,Vue.js,SK312,Vuex,recommended_prerequisite,Vuex is the state management pattern and library tailored specifically for Vue.js applications.,Intermediate,Frontend Development
SK050,Vue.js,SK313,Nuxt.js,strong_prerequisite,Nuxt.js is a high-level framework built on top of Vue.js for server-side rendering.,Intermediate,Frontend Development
SK015,JavaScript,SK314,DOM Manipulation,strong_prerequisite,JavaScript is required to interact with and dynamically update the Document Object Model.,Beginner,Frontend Development
SK041,Statistics,SK315,Hypothesis Testing,strong_prerequisite,Hypothesis testing is a core statistical method used to infer results from sample data.,Intermediate,Data Science
SK041,Statistics,SK316,A/B Testing,strong_prerequisite,A/B testing relies entirely on statistical significance and hypothesis testing principles.,Intermediate,Data Science
SK010,Pandas,SK317,Feature Engineering,strong_prerequisite,Pandas is the primary tool used to manipulate datasets and create new features for models.,Intermediate,Data Science
SK042,Data Visualization,SK318,Tableau,prerequisite,General data visualization concepts are required to build effective dashboards in Tableau.,Beginner,Analytics
SK042,Data Visualization,SK319,Power BI,prerequisite,Understanding how to represent data visually is essential before using Power BI tools.,Beginner,Analytics
SK001,Python,SK320,SciPy,prerequisite,SciPy is a scientific computation library built on top of the Python programming language.,Intermediate,Data Science
SK002,Machine Learning,SK321,XGBoost,prerequisite,XGBoost is an advanced gradient boosting algorithm requiring core machine learning knowledge.,Advanced,AI/ML
SK002,Machine Learning,SK322,Random Forests,prerequisite,Random Forests are ensemble learning methods based on foundational decision tree concepts.,Intermediate,AI/ML
SK009,TensorFlow,SK323,Keras,recommended_prerequisite,Keras acts as a high-level neural networks API running on top of TensorFlow.,Intermediate,AI/ML
SK164,LLMs,SK324,LangChain,strong_prerequisite,LangChain is a framework designed specifically to develop applications powered by language models.,Advanced,Generative AI
SK164,LLMs,SK325,LlamaIndex,strong_prerequisite,LlamaIndex provides data frameworks specifically for connecting custom data sources to LLMs.,Advanced,Generative AI
SK003,Deep Learning,SK326,GANs,strong_prerequisite,Generative Adversarial Networks require deep understanding of neural network architectures and loss optimization.,Advanced,Generative AI
SK160,Natural Language Processing,SK327,Word Embeddings,strong_prerequisite,Word embeddings are foundational NLP techniques used to represent text as numerical vectors.,Intermediate,AI/ML
SK005,SQL,SK328,Data Modeling,recommended_prerequisite,Understanding how data is queried helps engineers design better relational data models.,Intermediate,Data Engineering
SK025,ETL,SK329,Apache Airflow,strong_prerequisite,Apache Airflow is a platform used to programmatically author and schedule ETL workflows.,Advanced,Data Engineering
SK024,Data Warehousing,SK046,Snowflake,strong_prerequisite,Snowflake is a cloud data warehouse requiring knowledge of data warehousing architecture.,Intermediate,Data Engineering
SK024,Data Warehousing,SK330,BigQuery,strong_prerequisite,BigQuery is a serverless data warehouse requiring foundational data storage and querying concepts.,Intermediate,Data Engineering
SK024,Data Warehousing,SK331,Amazon Redshift,strong_prerequisite,Amazon Redshift requires an understanding of columnar storage and data warehouse optimization.,Intermediate,Data Engineering
SK011,Apache Spark,SK332,Databricks,strong_prerequisite,Databricks is a unified analytics platform built heavily around Apache Spark clusters.,Intermediate,Data Engineering
SK001,Python,SK333,PySpark,strong_prerequisite,"PySpark is the Python API for Apache Spark, requiring strong Python programming skills.",Intermediate,Data Engineering
SK012,AWS,SK334,AWS EC2,prerequisite,Understanding the AWS ecosystem is required before provisioning EC2 virtual servers.,Beginner,Cloud
SK012,AWS,SK335,AWS S3,prerequisite,AWS S3 is the foundational object storage service within the Amazon Web Services ecosystem.,Beginner,Cloud
SK012,AWS,SK336,AWS Lambda,recommended_prerequisite,AWS Lambda is a serverless compute service requiring general AWS architecture knowledge.,Intermediate,Cloud
SK012,AWS,SK337,AWS IAM,strong_prerequisite,Identity and Access Management is critical for securing all other AWS cloud services.,Intermediate,Cloud
SK012,AWS,SK338,Amazon RDS,prerequisite,Relational Database Service requires understanding of AWS networking and storage concepts.,Intermediate,Cloud
SK013,Microsoft Azure,SK339,Azure Virtual Machines,prerequisite,Foundational Azure knowledge is needed to deploy and manage Azure VMs.,Beginner,Cloud
SK013,Microsoft Azure,SK340,Azure Blob Storage,prerequisite,Blob Storage is Azure's object storage solution requiring basic cloud concepts.,Beginner,Cloud
SK013,Microsoft Azure,SK341,Azure Functions,recommended_prerequisite,Azure Functions provide serverless compute capabilities within the Azure cloud environment.,Intermediate,Cloud
SK013,Microsoft Azure,SK342,Azure Active Directory,strong_prerequisite,Azure AD is the foundational identity and access management service for Azure.,Intermediate,Cloud
SK014,GCP,SK343,Google Compute Engine,prerequisite,Google Compute Engine is the primary IaaS offering within the Google Cloud Platform.,Beginner,Cloud
SK014,GCP,SK344,Google Cloud Storage,prerequisite,GCS is the unified object storage service for developers and enterprises on GCP.,Beginner,Cloud
SK014,GCP,SK345,Google Kubernetes Engine,strong_prerequisite,GKE requires understanding of both GCP infrastructure and Kubernetes orchestration.,Advanced,Cloud
SK021,Linux,SK061,Bash Scripting,strong_prerequisite,Bash scripting requires a fundamental understanding of Linux commands and file systems.,Intermediate,DevOps
SK061,Bash Scripting,SK346,Automation,recommended_prerequisite,Bash scripts are commonly used as the first step in automating system administration tasks.,Intermediate,DevOps
SK007,Git,SK347,GitHub Actions,strong_prerequisite,GitHub Actions automate workflows directly based on Git repository events and triggers.,Intermediate,DevOps
SK008,CI/CD,SK348,Jenkins,prerequisite,Jenkins is an open-source automation server used to implement CI/CD pipelines.,Intermediate,DevOps
SK008,CI/CD,SK349,GitLab CI,prerequisite,GitLab CI is a continuous integration tool built directly into GitLab repositories.,Intermediate,DevOps
SK248,Cloud Computing,SK030,Terraform,strong_prerequisite,"Terraform provisions cloud infrastructure, requiring knowledge of how cloud resources operate.",Intermediate,DevOps
SK030,Terraform,SK350,Infrastructure as Code,strong_prerequisite,Terraform is the leading tool used to implement Infrastructure as Code methodologies.,Advanced,DevOps
SK015,Kubernetes,SK351,Helm,recommended_prerequisite,"Helm acts as a package manager for Kubernetes, requiring K8s architecture knowledge.",Intermediate,DevOps
SK015,Kubernetes,SK352,Prometheus,recommended_prerequisite,Prometheus is widely used for monitoring Kubernetes clusters and requires K8s networking knowledge.,Advanced,DevOps
SK352,Prometheus,SK353,Grafana,recommended_prerequisite,Grafana is commonly used to visualize the time-series metrics collected by Prometheus.,Intermediate,DevOps
SK021,Linux,SK354,Kali Linux,strong_prerequisite,Kali Linux is a Debian-derived Linux distribution designed for digital forensics and penetration testing.,Intermediate,Cybersecurity
SK088,Network Troubleshooting,SK355,Wireshark,strong_prerequisite,Wireshark is a network protocol analyzer that requires understanding of network traffic and packets.,Intermediate,Cybersecurity
SK194,Ethical Hacking,SK356,Burp Suite,strong_prerequisite,Burp Suite is a graphical tool for testing Web application security used by ethical hackers.,Intermediate,Cybersecurity
SK191,Network Security,SK357,Firewalls,prerequisite,Firewalls are foundational network security devices that monitor and filter network traffic.,Beginner,Cybersecurity
SK190,Penetration Testing,SK358,Metasploit,strong_prerequisite,Metasploit is a penetration testing framework that requires understanding of exploit methodologies.,Advanced,Cybersecurity
SK191,Network Security,SK359,Intrusion Detection Systems,strong_prerequisite,IDS monitors network traffic for malicious activity and requires strong network security knowledge.,Advanced,Cybersecurity
SK192,Application Security,SK360,OWASP Top 10,strong_prerequisite,The OWASP Top 10 is the standard awareness document for developers regarding application security.,Intermediate,Cybersecurity
SK026,Swift,SK361,iOS Development,strong_prerequisite,Swift is the primary programming language used to develop applications for Apple's iOS platform.,Intermediate,Mobile Development
SK027,Kotlin,SK362,Android Development,strong_prerequisite,"Kotlin is the modern, preferred programming language for building Android mobile applications.",Intermediate,Mobile Development
SK013,Java,SK362,Android Development,recommended_prerequisite,Java is a legacy but still widely used language for Android mobile application development.,Intermediate,Mobile Development
SK015,JavaScript,SK056,React Native,strong_prerequisite,React Native allows developers to build mobile apps using JavaScript and React concepts.,Intermediate,Mobile Development
SK363,Dart,SK057,Flutter,strong_prerequisite,Dart is the programming language required to build cross-platform applications using the Flutter framework.,Intermediate,Mobile Development
SK361,iOS Development,SK364,Core Data,recommended_prerequisite,Core Data is the framework used to manage the model layer objects in iOS applications.,Advanced,Mobile Development
SK362,Android Development,SK365,Room Database,recommended_prerequisite,Room provides an abstraction layer over SQLite to allow fluent database access in Android.,Intermediate,Mobile Development
SK366,Object-Oriented Programming,SK367,Design Patterns,strong_prerequisite,Design patterns provide reusable solutions to common problems in object-oriented software design.,Intermediate,Software Engineering
SK367,Design Patterns,SK368,System Design,recommended_prerequisite,Understanding small-scale design patterns helps architects design large-scale distributed systems.,Advanced,Architecture
SK368,System Design,SK306,Microservices,strong_prerequisite,Microservices architecture requires a deep understanding of distributed system design and trade-offs.,Advanced,Architecture
SK047,Software Architecture,SK369,Domain-Driven Design,recommended_prerequisite,DDD is an architectural approach that centers the software design on the business domain.,Advanced,Architecture
SK047,Software Architecture,SK370,Event-Driven Architecture,recommended_prerequisite,Event-driven architecture is a software design pattern where decoupled applications asynchronously publish and subscribe to events.,Advanced,Architecture
SK019,REST APIs,SK371,API Gateway,recommended_prerequisite,"An API Gateway manages, routes, and secures traffic to backend RESTful APIs.",Intermediate,Architecture
SK372,Software Testing,SK373,Automated Testing,strong_prerequisite,Foundational testing concepts must be understood before writing scripts to automate them.,Intermediate,Testing
SK373,Automated Testing,SK374,Selenium,prerequisite,Selenium is a widely used framework for automating web browser testing.,Intermediate,Testing
SK373,Automated Testing,SK375,Cypress,prerequisite,Cypress is a modern frontend testing tool built for the modern web.,Intermediate,Testing
SK013,Java,SK376,JUnit,strong_prerequisite,JUnit is a unit testing framework for the Java programming language.,Intermediate,Testing
SK001,Python,SK377,PyTest,strong_prerequisite,PyTest is a testing framework based on Python requiring knowledge of Python syntax.,Intermediate,Testing
SK373,Automated Testing,SK378,Appium,recommended_prerequisite,"Appium is an open-source test automation framework for use with native, hybrid, and mobile web apps.",Advanced,Testing
SK005,SQL,SK023,PostgreSQL,prerequisite,PostgreSQL is an advanced relational database that uses and extends the SQL language.,Intermediate,Database
SK005,SQL,SK379,MySQL,prerequisite,MySQL is a widely used open-source relational database management system based on SQL.,Intermediate,Database
SK005,SQL,SK380,Oracle Database,prerequisite,Oracle Database is an enterprise multi-model database management system relying on SQL.,Advanced,Database
SK381,NoSQL,SK022,MongoDB,strong_prerequisite,MongoDB is a document-oriented database classified as a NoSQL database program.,Intermediate,Database
SK381,NoSQL,SK049,Redis,recommended_prerequisite,Redis is an in-memory data structure store that operates outside traditional relational NoSQL paradigms.,Intermediate,Database
SK381,NoSQL,SK382,Cassandra,strong_prerequisite,"Apache Cassandra is a highly scalable, distributed NoSQL database designed to handle large amounts of data.",Advanced,Database
SK381,NoSQL,SK383,DynamoDB,strong_prerequisite,Amazon DynamoDB is a fully managed proprietary NoSQL database service provided by AWS.,Intermediate,Database
SK212,Embedded C,SK384,Arduino,recommended_prerequisite,Arduino microcontrollers are primarily programmed using a variant of C/C++.,Beginner,Embedded Systems
SK021,Linux,SK385,Raspberry Pi,recommended_prerequisite,Raspberry Pi devices typically run Linux-based operating systems like Raspberry Pi OS.,Beginner,IoT
SK021,Linux,SK386,Embedded Linux,strong_prerequisite,Embedded Linux involves customizing the Linux kernel and user space for embedded devices.,Advanced,Embedded Systems
SK387,Networking Protocols,SK388,MQTT,strong_prerequisite,MQTT is a lightweight messaging protocol designed specifically for IoT and networking devices.,Intermediate,IoT
SK213,Microcontrollers,SK389,Sensor Integration,strong_prerequisite,Integrating sensors requires knowledge of how microcontrollers handle analog and digital inputs.,Intermediate,IoT
SK193,Cryptography,SK390,Hashing Algorithms,strong_prerequisite,Hashing is a fundamental cryptographic concept used for data integrity and password storage.,Intermediate,Cybersecurity
SK115,Solidity,SK391,Smart Contract Security,strong_prerequisite,Writing secure smart contracts requires deep knowledge of Solidity vulnerabilities and exploits.,Advanced,Blockchain
SK241,Blockchain,SK392,Consensus Mechanisms,strong_prerequisite,Consensus mechanisms like Proof of Work and Proof of Stake are core to blockchain operation.,Advanced,Blockchain
SK241,Blockchain,SK393,DeFi,recommended_prerequisite,Decentralized Finance applications are built entirely on top of blockchain networks and smart contracts.,Advanced,Blockchain
SK062,User Research,SK394,Usability Testing,strong_prerequisite,Usability testing is a technique used in user-centered interaction design to evaluate a product.,Intermediate,UI/UX
SK061,Wireframing,SK395,Information Architecture,recommended_prerequisite,Information architecture organizes content logically before wireframes are drawn.,Intermediate,UI/UX
SK063,Prototyping,SK396,Interaction Design,strong_prerequisite,Interaction design focuses on creating engaging interfaces with well-thought-out behaviors and prototypes.,Intermediate,UI/UX
SK064,Figma,SK397,Design Systems,recommended_prerequisite,Design systems are comprehensive libraries of reusable components often built and maintained in Figma.,Advanced,UI/UX
SK106,C++,SK398,Game Physics,recommended_prerequisite,C++ is heavily used to write high-performance game physics engines.,Advanced,Game Development
SK079,Unity,SK399,C# Scripting,strong_prerequisite,C# is the primary programming language used to write scripts and logic in the Unity game engine.,Intermediate,Game Development
SK078,Unreal Engine,SK400,Blueprints,prerequisite,Blueprints is the visual scripting system used extensively within Unreal Engine.,Beginner,Game Development
SK001,Python,SK401,Data Scraping,recommended_prerequisite,Python libraries like Beautiful Soup and Scrapy are standard tools for extracting web data.,Intermediate,Data Engineering
SK401,Data Scraping,SK402,Data Cleaning,strong_prerequisite,Scraped data is inherently messy and requires extensive cleaning before analysis.,Intermediate,Data Science
SK015,JavaScript,SK403,WebSockets,recommended_prerequisite,"WebSockets provide full-duplex communication channels over a single TCP connection, often implemented in JS.",Intermediate,Web Development
SK017,Node.js,SK404,Socket.io,strong_prerequisite,"Socket.io is a library that enables real-time, bidirectional communication for Node.js applications.",Intermediate,Web Development
SK019,REST APIs,SK405,Postman,recommended_prerequisite,"Postman is an API platform used by developers to build, test, and design REST APIs.",Beginner,Web Development
SK368,System Design,SK406,Load Balancing,strong_prerequisite,Load balancing is a core system design concept for distributing network traffic across servers.,Advanced,Architecture
SK368,System Design,SK407,Caching Strategies,strong_prerequisite,Caching is essential in system design to improve application performance and reduce database load.,Advanced,Architecture
SK049,Redis,SK407,Caching Strategies,recommended_prerequisite,Redis is widely used to implement in-memory caching strategies for web applications.,Intermediate,Architecture
SK008,CI/CD,SK408,ArgoCD,recommended_prerequisite,"ArgoCD is a declarative, GitOps continuous delivery tool specifically for Kubernetes.",Advanced,DevOps
SK015,Kubernetes,SK408,ArgoCD,strong_prerequisite,ArgoCD manages application deployments natively within Kubernetes clusters.,Advanced,DevOps
SK350,Infrastructure as Code,SK409,Ansible,recommended_prerequisite,"Ansible is an open-source software provisioning, configuration management, and application-deployment tool.",Intermediate,DevOps
SK021,Linux,SK409,Ansible,strong_prerequisite,Ansible relies heavily on SSH and Linux command execution to manage remote servers.,Intermediate,DevOps
SK190,Penetration Testing,SK410,Nmap,prerequisite,Nmap is a foundational network scanning tool used during the reconnaissance phase of penetration testing.,Beginner,Cybersecurity
SK194,Ethical Hacking,SK411,Social Engineering,recommended_prerequisite,"Social engineering targets human vulnerabilities, which is a critical aspect of comprehensive ethical hacking.",Intermediate,Cybersecurity
SK191,Network Security,SK412,VPN Technologies,strong_prerequisite,Virtual Private Networks are core network security tools used to encrypt traffic over untrusted networks.,Intermediate,Cybersecurity
SK392,Consensus Mechanisms,SK413,Proof of Stake,strong_prerequisite,"Proof of Stake is a specific, widely used consensus mechanism in modern blockchain networks.",Advanced,Blockchain
SK115,Solidity,SK414,Hardhat,recommended_prerequisite,"Hardhat is a development environment to compile, deploy, test, and debug Ethereum software written in Solidity.",Intermediate,Blockchain
SK366,Object-Oriented Programming,SK415,SOLID Principles,strong_prerequisite,SOLID principles are five design guidelines intended to make object-oriented designs more understandable and flexible.,Intermediate,Software Engineering
SK367,Design Patterns,SK416,MVC Architecture,strong_prerequisite,Model-View-Controller is a foundational architectural pattern used in software engineering.,Intermediate,Software Engineering
SK015,JavaScript,SK417,JSON,prerequisite,JavaScript Object Notation is the standard data interchange format derived from JavaScript.,Beginner,Web Development
SK417,JSON,SK019,REST APIs,strong_prerequisite,REST APIs predominantly use JSON to format and transmit data payloads between client and server.,Beginner,Web Development
SK018,HTML/CSS,SK418,Web Accessibility (a11y),strong_prerequisite,Understanding HTML semantics is critical to building web applications accessible to users with disabilities.,Intermediate,Frontend Development
SK015,JavaScript,SK419,Webpack,recommended_prerequisite,Webpack is a static module bundler for modern JavaScript applications.,Intermediate,Frontend Development
SK049,React,SK420,React Router,strong_prerequisite,React Router is the standard routing library used to navigate between views in React applications.,Intermediate,Frontend Development
SK001,Python,SK421,Jupyter Notebooks,prerequisite,Jupyter Notebooks provide an interactive web-based environment for running Python code.,Beginner,Data Science
SK421,Jupyter Notebooks,SK142,Data Analysis,recommended_prerequisite,Jupyter is the industry-standard environment used by data analysts to explore datasets.,Beginner,Analytics
SK005,SQL,SK422,Window Functions,strong_prerequisite,Window functions are advanced SQL operations used to perform calculations across sets of table rows.,Advanced,Database
SK005,SQL,SK423,Database Indexing,strong_prerequisite,Indexing is a database optimization technique requiring strong knowledge of how SQL queries execute.,Advanced,Database
SK023,PostgreSQL,SK424,PostGIS,recommended_prerequisite,PostGIS is a spatial database extender for PostgreSQL allowing location queries.,Advanced,Database
SK012,AWS,SK425,Amazon DynamoDB,recommended_prerequisite,DynamoDB is AWS's proprietary NoSQL database requiring AWS ecosystem knowledge.,Intermediate,Cloud
SK012,AWS,SK426,AWS CloudFormation,recommended_prerequisite,CloudFormation provides infrastructure as code specifically tailored to the AWS cloud.,Advanced,Cloud
SK013,Microsoft Azure,SK427,Azure DevOps,recommended_prerequisite,"Azure DevOps provides developer services for support teams to plan work, collaborate, and build.",Intermediate,Cloud
SK014,GCP,SK428,BigQuery,recommended_prerequisite,"BigQuery is Google's fully managed, serverless data warehouse requiring GCP knowledge.",Intermediate,Cloud
SK346,Automation,SK429,Cron Jobs,prerequisite,Cron is a time-based job scheduler in Unix-like operating systems used for basic automation.,Beginner,DevOps
SK006,Docker,SK430,Docker Compose,strong_prerequisite,Docker Compose is a tool for defining and running multi-container Docker applications.,Intermediate,DevOps
SK006,Docker,SK431,Container Registry,prerequisite,Container registries are used to store and distribute the Docker images built by developers.,Beginner,DevOps
SK015,Kubernetes,SK432,Istio,recommended_prerequisite,Istio is a service mesh that provides traffic management and security for Kubernetes microservices.,Advanced,DevOps
SK358,Metasploit,SK433,Exploit Development,strong_prerequisite,Exploit development is an advanced cybersecurity skill that builds upon penetration testing frameworks.,Advanced,Cybersecurity
SK193,Cryptography,SK434,RSA Algorithm,strong_prerequisite,RSA is a public-key cryptosystem that relies heavily on advanced mathematical cryptography.,Advanced,Cybersecurity
SK192,Application Security,SK435,Static Code Analysis,recommended_prerequisite,Static analysis tools examine source code before a program is run to find security vulnerabilities.,Intermediate,Cybersecurity
SK026,Swift,SK436,Xcode,prerequisite,Xcode is Apple's integrated development environment for macOS used to write Swift applications.,Beginner,Mobile Development
SK027,Kotlin,SK437,Android Studio,prerequisite,Android Studio is the official integrated development environment for Google's Android operating system.,Beginner,Mobile Development
SK362,Android Development,SK438,Jetpack Compose,recommended_prerequisite,Jetpack Compose is Android's modern toolkit for building native UI using declarative functions.,Intermediate,Mobile Development
SK057,Flutter,SK439,Provider/Riverpod,recommended_prerequisite,Provider and Riverpod are standard state management solutions used in Flutter applications.,Intermediate,Mobile Development
SK368,System Design,SK440,Message Queues,strong_prerequisite,Message queues like RabbitMQ or Kafka are used in system design to decouple distributed services.,Advanced,Architecture
SK440,Message Queues,SK441,Apache Kafka,strong_prerequisite,Kafka is a distributed event streaming platform based on advanced message queue concepts.,Advanced,Data Engineering
SK440,Message Queues,SK442,RabbitMQ,strong_prerequisite,RabbitMQ is a widely used open-source message broker software.,Intermediate,Architecture
SK373,Automated Testing,SK443,Test-Driven Development,recommended_prerequisite,TDD is a software development process relying on software requirements being converted to test cases.,Advanced,Software Engineering
SK373,Automated Testing,SK444,Behavior-Driven Development,recommended_prerequisite,BDD is an agile software development process that encourages collaboration between developers and QA.,Advanced,Software Engineering
SK374,Selenium,SK445,Cucumber,recommended_prerequisite,"Cucumber is a tool that supports Behavior-Driven Development, often used alongside Selenium.",Intermediate,Testing
SK381,NoSQL,SK446,Graph Databases,strong_prerequisite,Graph databases like Neo4j are specialized NoSQL databases focused on data relationships.,Advanced,Database
SK446,Graph Databases,SK447,Neo4j,strong_prerequisite,Neo4j is the most popular native graph database management system.,Advanced,Database
SK381,NoSQL,SK448,Document Databases,prerequisite,Document databases are a primary category of NoSQL databases designed to store JSON-like documents.,Beginner,Database
SK213,Microcontrollers,SK449,I2C/SPI Protocols,strong_prerequisite,I2C and SPI are synchronous serial communication protocols used to attach peripherals to microcontrollers.,Intermediate,Embedded Systems
SK213,Microcontrollers,SK450,UART,strong_prerequisite,UART is a hardware communication protocol that uses asynchronous serial communication.,Intermediate,Embedded Systems
SK386,Embedded Linux,SK451,Yocto Project,strong_prerequisite,The Yocto Project is an open-source collaboration project that helps developers create custom Linux-based systems.,Advanced,Embedded Systems
SK241,Blockchain,SK452,Cryptoeconomics,recommended_prerequisite,Cryptoeconomics combines cryptography and economics to design robust decentralized networks.,Advanced,Blockchain
SK115,Solidity,SK453,ERC-20 Tokens,strong_prerequisite,ERC-20 is the technical standard for smart contracts implementing fungible tokens on Ethereum.,Intermediate,Blockchain
SK115,Solidity,SK454,ERC-721 Tokens (NFTs),strong_prerequisite,ERC-721 is the standard for representing ownership of non-fungible tokens on the Ethereum blockchain.,Intermediate,Blockchain
SK062,User Research,SK455,Persona Development,recommended_prerequisite,Personas are fictional characters created based on user research to represent different user types.,Beginner,UI/UX
SK063,Prototyping,SK456,Microinteractions,recommended_prerequisite,Microinteractions are subtle animations and design elements that enhance the user experience.,Intermediate,UI/UX
SK064,Figma,SK457,Auto Layout,strong_prerequisite,Auto Layout is a Figma feature that allows designs to dynamically adapt to different screen sizes.,Intermediate,UI/UX
SK080,3D Modeling,SK458,UV Mapping,strong_prerequisite,UV mapping is the 3D modeling process of projecting a 2D image to a 3D model's surface.,Intermediate,Game Design
SK080,3D Modeling,SK459,Rigging,strong_prerequisite,Rigging is the process of creating a skeletal structure for a 3D model to allow for animation.,Advanced,Game Design
SK079,Unity,SK460,Unity UI (uGUI),recommended_prerequisite,Unity UI is the primary system used to create user interfaces within Unity games.,Intermediate,Game Development
SK078,Unreal Engine,SK461,Material Editor,recommended_prerequisite,The Material Editor is a node-based interface used to create shaders and materials in Unreal.,Intermediate,Game Development
SK002,Machine Learning,SK462,Model Deployment,strong_prerequisite,Model deployment is the engineering process of integrating a machine learning model into a production environment.,Advanced,MLOps
SK462,Model Deployment,SK039,MLOps,strong_prerequisite,"MLOps encompasses the entire lifecycle of deploying, monitoring, and maintaining ML models.",Advanced,MLOps
SK001,Python,SK463,Flask,strong_prerequisite,Flask is a lightweight WSGI web application framework written in Python.,Intermediate,Backend Development
SK463,Flask,SK019,REST APIs,prerequisite,Flask is highly suited and commonly used for developing lightweight REST APIs.,Intermediate,Backend Development
SK013,Java,SK464,Hibernate,recommended_prerequisite,Hibernate is an object-relational mapping tool for the Java programming language.,Intermediate,Backend Development
SK015,JavaScript,SK465,Promises/Async-Await,strong_prerequisite,Asynchronous JavaScript is critical for handling API calls and non-blocking operations.,Intermediate,Frontend Development
SK465,Promises/Async-Await,SK049,React,recommended_prerequisite,Modern React applications heavily rely on asynchronous JavaScript for data fetching.,Intermediate,Frontend Development
SK010,Pandas,SK466,Time Series Analysis,recommended_prerequisite,"Time series analysis involves statistical techniques applied to data indexed in time order, often using Pandas.",Advanced,Data Science
SK001,Python,SK467,Web Scraping,recommended_prerequisite,Python is the dominant language for building scripts that automatically extract data from websites.,Intermediate,Data Engineering
SK012,AWS,SK468,Amazon API Gateway,recommended_prerequisite,"API Gateway is an AWS service for creating, publishing, maintaining, monitoring, and securing REST APIs.",Intermediate,Cloud
SK013,Microsoft Azure,SK469,Azure Cosmos DB,recommended_prerequisite,"Cosmos DB is Microsoft's globally distributed, multi-model database service.",Intermediate,Cloud
SK014,GCP,SK470,Google Pub/Sub,recommended_prerequisite,Pub/Sub is an asynchronous and scalable messaging service provided by Google Cloud.,Intermediate,Cloud
SK021,Linux,SK471,Shell Scripting,strong_prerequisite,Shell scripting involves writing computer programs designed to be run by the Unix shell.,Intermediate,DevOps
SK006,Docker,SK472,Docker Swarm,recommended_prerequisite,Docker Swarm is a clustering and scheduling tool for Docker containers.,Intermediate,DevOps
SK015,Kubernetes,SK473,Kustomize,recommended_prerequisite,Kustomize is a configuration management tool built into kubectl for customizing Kubernetes manifests.,Intermediate,DevOps
SK191,Network Security,SK474,IPSec,strong_prerequisite,IPSec is a secure network protocol suite that authenticates and encrypts packets of data.,Advanced,Cybersecurity
SK194,Ethical Hacking,SK475,Reverse Engineering,strong_prerequisite,Reverse engineering involves deconstructing software to extract design information and vulnerabilities.,Advanced,Cybersecurity
SK192,Application Security,SK476,Dynamic Code Analysis (DAST),recommended_prerequisite,DAST tools analyze applications while they are running to find security vulnerabilities.,Intermediate,Cybersecurity
SK026,Swift,SK477,Combine Framework,recommended_prerequisite,Combine is Apple's declarative Swift API for processing values over time.,Advanced,Mobile Development
SK027,Kotlin,SK478,Kotlin Coroutines,strong_prerequisite,Coroutines provide asynchronous programming capabilities essential for modern Android apps.,Intermediate,Mobile Development
SK057,Flutter,SK479,Dart Isolate,recommended_prerequisite,"Isolates are Dart's model for multithreading, necessary for heavy computation in Flutter.",Advanced,Mobile Development
SK368,System Design,SK480,CAP Theorem,strong_prerequisite,The CAP theorem is a fundamental concept for understanding the trade-offs in distributed data stores.,Advanced,Architecture
SK368,System Design,SK481,Rate Limiting,strong_prerequisite,Rate limiting is a strategy used to control the amount of incoming and outgoing traffic to a network.,Intermediate,Architecture
SK373,Automated Testing,SK482,Mocking Frameworks,strong_prerequisite,Mocking frameworks simulate the behavior of real objects for isolated unit testing.,Intermediate,Testing
SK376,JUnit,SK483,Mockito,recommended_prerequisite,Mockito is a popular mocking framework used in conjunction with JUnit for Java testing.,Intermediate,Testing
SK005,SQL,SK484,Stored Procedures,strong_prerequisite,Stored procedures are prepared SQL codes that you can save and reuse in a database.,Intermediate,Database
SK005,SQL,SK485,Database Triggers,strong_prerequisite,Triggers are procedural codes automatically executed in response to certain events on a particular table.,Intermediate,Database
SK212,Embedded C,SK486,Memory Management,strong_prerequisite,Explicit memory management is critical when writing C code for resource-constrained embedded systems.,Advanced,Embedded Systems
SK213,Microcontrollers,SK487,Interrupt Handling,strong_prerequisite,Interrupts are signals that temporarily halt the microcontroller's main program to execute urgent tasks.,Advanced,Embedded Systems
SK241,Blockchain,SK488,Peer-to-Peer Networks,strong_prerequisite,Blockchain operates on decentralized P2P networks rather than client-server architectures.,Intermediate,Blockchain
SK115,Solidity,SK489,Truffle Framework,recommended_prerequisite,Truffle is a development environment and testing framework for blockchains using the Ethereum Virtual Machine.,Intermediate,Blockchain
SK062,User Research,SK490,A/B Testing (UX),recommended_prerequisite,A/B testing in UX compares two versions of a webpage or app to determine which performs better.,Intermediate,UI/UX
SK061,Wireframing,SK491,Balsamiq,recommended_prerequisite,Balsamiq is a rapid wireframing tool that helps reproduce the experience of sketching on a whiteboard.,Beginner,UI/UX
SK106,C++,SK492,Memory Allocation,strong_prerequisite,Manual memory allocation and deallocation are fundamental concepts in high-performance C++ game engines.,Advanced,Game Development
SK079,Unity,SK493,Unity Physics 2D,recommended_prerequisite,Unity Physics 2D is the engine module used specifically for simulating 2D game physics.,Intermediate,Game Development
SK078,Unreal Engine,SK494,Niagara VFX,recommended_prerequisite,Niagara is Unreal Engine's next-generation visual effects system used for particle simulation.,Advanced,Game Development
